Id,Category,Category,Category,Category,Category,Category,Category
1,0,9,4,2,4,2,4
2,9,9,9,9,9,9,9
3,0,0,0,0,0,0,0
4,2,2,2,2,2,2,4
5,3,3,3,3,3,3,3
6,2,9,9,9,9,9,9
7,4,4,4,4,4,4,4
8,9,9,9,9,9,9,9
9,5,5,5,5,3,5,3
10,9,9,9,9,9,9,9
11,9,9,9,9,9,9,9
12,0,0,5,8,0,0,8
13,3,3,3,9,3,3,3
14,2,2,2,2,2,2,2
15,5,5,5,4,4,4,4
16,3,3,3,3,3,3,3
17,9,9,9,9,9,9,9
18,10,10,10,10,10,10,10
19,0,3,3,3,3,3,3
20,4,4,4,4,4,4,4
21,9,9,9,9,9,9,9
22,10,10,10,10,3,10,10
23,10,10,10,10,10,10,10
24,5,5,5,5,5,5,5
25,4,3,2,2,2,9,4
26,2,2,2,2,2,2,2
27,10,10,10,10,10,10,10
28,8,10,2,2,2,2,2
29,3,3,3,3,3,3,3
30,4,4,4,4,4,4,4
31,2,2,8,9,9,2,2
32,5,5,5,5,5,5,5
33,9,9,9,9,9,9,9
34,5,5,5,5,5,5,5
35,10,5,5,5,5,10,10
36,3,3,3,3,3,3,3
37,10,10,10,10,10,10,10
38,9,9,9,9,9,9,9
39,10,10,10,10,10,10,10
40,0,0,1,0,0,0,0
41,0,5,5,5,5,5,5
42,3,3,3,4,3,3,3
43,5,5,5,5,5,5,5
44,5,5,5,5,5,5,5
45,0,0,0,0,0,0,0
46,0,0,0,0,0,0,0
47,6,6,6,6,6,6,6
48,4,4,4,4,4,4,0
49,5,5,5,5,5,5,5
50,5,5,5,5,5,5,5
51,2,2,2,2,2,2,2
52,0,0,0,0,0,0,0
53,3,3,3,3,3,3,3
54,10,10,10,10,10,10,10
55,0,0,0,0,0,0,0
56,3,3,0,3,3,3,0
57,2,2,2,2,2,2,2
58,5,5,5,5,5,5,5
59,3,3,3,0,3,3,3
60,3,3,3,3,3,2,3
61,5,5,5,5,5,5,5
62,3,3,0,3,0,0,0
63,4,4,5,2,4,5,5
64,9,9,9,9,9,9,9
65,8,8,8,8,8,8,8
66,2,2,2,2,2,2,2
67,7,7,7,7,7,7,7
68,2,2,2,0,2,2,9
69,3,0,3,0,3,3,0
70,9,9,9,9,9,9,9
71,5,5,5,5,5,0,5
72,3,3,5,8,3,5,3
73,2,2,2,2,2,2,2
74,2,4,6,4,4,8,4
75,0,0,0,0,0,0,0
76,0,0,0,0,0,0,0
77,9,9,9,9,9,9,9
78,0,0,0,0,0,0,0
79,10,10,10,10,10,10,10
80,8,8,8,8,1,8,8
81,9,9,9,9,9,9,9
82,9,9,9,9,9,9,9
83,10,10,6,10,6,6,10
84,2,2,2,2,2,2,2
85,2,2,2,0,2,2,2
86,5,5,5,5,5,5,5
87,2,0,0,0,3,0,0
88,8,8,8,8,0,8,0
89,4,4,4,4,4,4,4
90,5,5,5,5,5,5,5
91,8,8,8,8,8,8,8
92,9,9,9,9,9,9,9
93,9,9,9,9,9,9,9
94,3,3,3,3,3,2,3
95,3,3,3,3,3,3,3
96,10,10,2,2,2,10,2
97,8,8,8,8,8,8,8
98,1,10,1,10,10,1,10
99,4,4,4,4,4,4,4
100,5,5,5,5,5,5,5
101,8,3,3,9,3,3,0
102,5,5,5,5,5,5,5
103,4,4,4,4,4,4,4
104,9,9,9,9,9,9,9
105,8,8,8,8,8,8,8
106,0,0,0,2,0,0,0
107,5,2,1,1,2,1,1
108,3,3,3,3,3,3,0
109,5,5,5,5,5,5,5
110,4,4,4,4,4,4,4
111,2,2,2,2,2,2,2
112,6,6,6,6,6,6,6
113,0,0,0,0,0,0,0
114,0,0,0,0,2,0,0
115,6,6,6,6,6,6,6
116,7,7,7,7,7,7,7
117,2,2,3,3,0,2,0
118,9,9,9,9,9,9,9
119,9,9,9,9,9,9,9
120,3,3,3,3,3,3,3
121,9,7,7,7,7,7,7
122,5,5,5,5,5,5,5
123,8,8,8,5,4,8,8
124,4,4,4,4,4,4,4
125,1,9,3,0,1,2,0
126,0,5,5,5,4,5,0
127,5,5,5,5,5,5,5
128,2,2,8,2,5,2,8
129,10,10,10,10,10,10,10
130,9,9,9,9,9,9,9
131,5,5,5,5,5,5,5
132,2,2,2,2,2,10,2
133,4,0,1,4,4,4,4
134,9,9,9,9,9,9,9
135,9,9,9,9,9,9,9
136,5,5,5,5,5,5,5
137,9,9,9,9,9,9,9
138,3,3,3,3,3,3,3
139,9,9,9,9,9,9,9
140,5,5,5,5,5,5,5
141,2,4,4,2,4,4,3
142,0,0,0,0,0,0,0
143,2,5,5,5,5,5,5
144,2,4,2,9,4,1,9
145,8,10,8,8,8,8,8
146,5,5,5,5,5,5,5
147,4,4,4,4,4,4,4
148,0,0,3,0,0,0,0
149,4,4,4,4,4,4,4
150,5,5,5,5,5,5,5
151,5,5,5,5,5,5,5
152,8,8,8,8,8,8,8
153,5,5,5,5,5,5,5
154,7,7,7,7,7,7,7
155,5,0,0,0,0,0,0
156,5,5,5,5,5,5,5
157,4,4,4,2,4,4,4
158,8,8,8,8,8,8,8
159,9,9,9,9,9,9,9
160,9,9,9,9,9,9,9
161,2,6,6,6,6,6,6
162,6,4,6,6,6,6,6
163,5,5,5,5,5,5,5
164,9,9,9,9,9,9,9
165,9,9,9,9,9,9,9
166,5,5,5,5,5,5,5
167,2,2,2,2,2,2,2
168,2,2,5,5,2,2,5
169,5,5,5,5,5,5,5
170,9,9,9,2,9,2,9
171,9,9,9,9,9,9,9
172,2,2,2,2,2,2,2
173,1,2,2,9,2,2,2
174,0,0,0,0,0,0,0
175,6,4,6,6,6,6,6
176,9,9,9,9,9,9,9
177,8,2,2,8,8,2,8
178,0,5,5,0,3,5,3
179,8,2,2,9,8,2,8
180,2,2,2,2,2,2,2
181,1,1,1,1,1,1,1
182,5,5,5,5,5,5,5
183,2,2,2,2,2,2,2
184,2,2,2,2,2,2,2
185,0,3,2,2,3,0,0
186,8,8,8,8,8,8,8
187,2,4,6,9,6,4,4
188,3,3,3,3,3,3,3
189,8,8,8,8,8,8,8
190,2,5,2,0,3,3,6
191,2,2,2,9,2,2,2
192,9,9,9,9,9,9,9
193,2,2,2,5,2,2,2
194,4,4,4,4,4,4,4
195,0,8,0,0,3,8,0
196,9,9,9,9,9,9,9
197,2,2,2,2,2,2,2
198,10,10,10,10,10,10,10
199,9,9,9,9,9,9,9
200,9,9,9,9,9,9,9
201,6,6,6,6,6,6,6
202,5,8,2,2,2,2,2
203,2,2,2,2,2,2,2
204,4,4,4,4,4,4,4
205,10,10,10,10,10,10,10
206,0,0,0,0,2,0,0
207,4,4,4,4,4,4,4
208,8,8,8,8,8,8,8
209,9,7,0,7,7,7,7
210,5,5,5,5,5,5,5
211,5,5,5,2,5,5,5
212,5,5,5,5,5,5,5
213,0,0,0,0,0,0,0
214,9,3,3,7,7,3,9
215,8,8,8,8,8,8,8
216,9,9,9,9,9,9,9
217,9,9,9,9,9,9,9
218,6,3,3,4,3,3,4
219,9,9,9,9,9,9,9
220,2,2,9,5,2,9,2
221,5,4,8,4,4,8,4
222,9,9,9,9,9,9,9
223,9,9,9,9,9,9,9
224,5,0,1,1,1,1,1
225,4,4,5,5,4,4,4
226,1,1,1,1,1,1,1
227,2,2,2,9,2,2,2
228,7,7,7,7,7,7,7
229,0,2,2,2,2,2,2
230,4,4,4,4,4,4,4
231,5,5,5,5,5,5,5
232,4,4,4,4,4,4,4
233,2,2,2,8,2,2,2
234,4,4,4,4,4,4,4
235,4,4,4,4,4,4,4
236,0,0,0,0,7,7,0
237,6,6,6,6,6,6,6
238,3,0,1,8,1,1,0
239,0,0,0,0,0,0,0
240,5,5,5,5,5,5,5
241,5,5,5,5,5,5,5
242,2,2,2,2,2,2,6
243,10,10,10,10,10,10,10
244,4,4,4,4,4,4,4
245,3,6,6,6,6,6,6
246,10,10,10,10,10,10,10
247,0,0,0,0,0,0,0
248,10,10,10,10,10,10,10
249,0,4,4,0,2,4,4
250,3,3,3,3,3,3,3
251,8,8,8,8,8,8,8
252,2,2,2,2,2,2,2
253,4,0,4,4,4,4,10
254,2,0,9,9,2,2,2
255,4,4,4,4,4,4,4
256,8,8,8,8,8,8,8
257,2,2,2,2,2,2,2
258,8,8,8,8,8,8,8
259,2,3,0,3,3,0,9
260,5,5,5,5,5,5,5
261,2,2,2,2,2,2,2
262,9,7,7,7,7,7,7
263,4,4,4,4,4,4,4
264,10,10,10,10,10,10,10
265,10,10,10,10,2,10,10
266,3,3,3,3,3,3,3
267,0,0,3,5,3,0,0
268,6,6,6,6,6,6,6
269,0,0,3,0,3,0,0
270,9,9,9,9,9,9,9
271,2,2,2,2,2,2,2
272,2,8,8,8,8,8,8
273,4,2,9,2,4,8,9
274,9,9,9,9,9,9,9
275,9,9,9,9,9,9,9
276,5,5,5,5,5,5,5
277,10,10,10,10,10,10,10
278,10,10,10,10,10,10,10
279,10,2,2,10,8,10,10
280,5,5,5,5,5,5,5
281,4,5,4,4,4,8,4
282,6,6,6,6,6,6,6
283,3,0,3,0,3,9,0
284,5,5,5,5,5,5,5
285,8,8,8,8,8,8,8
286,2,2,2,2,2,2,2
287,0,0,0,0,0,0,0
288,10,10,10,10,10,10,10
289,4,4,4,4,4,4,4
290,2,2,2,2,2,2,9
291,8,8,8,8,8,8,8
292,1,1,2,1,1,1,1
293,9,9,3,9,3,0,3
294,0,2,0,0,3,3,0
295,7,7,7,7,7,7,7
296,5,5,5,5,5,5,5
297,4,4,4,4,4,4,4
298,2,2,5,2,2,2,2
299,7,7,7,9,2,2,9
300,8,8,8,8,8,8,8
301,9,0,9,9,9,9,9
302,1,2,2,1,2,1,1
303,9,9,9,9,9,9,9
304,10,10,10,10,10,10,10
305,2,4,5,5,5,5,5
306,9,9,9,9,9,9,9
307,2,5,5,5,5,2,0
308,2,2,2,2,2,2,2
309,2,2,2,2,2,2,3
310,2,2,0,0,2,0,0
311,0,8,8,8,8,8,8
312,5,5,5,5,5,5,5
313,2,2,3,2,9,2,2
314,2,0,0,0,2,2,2
315,0,0,10,10,10,10,10
316,10,10,10,10,10,10,10
317,8,8,8,8,8,8,8
318,5,5,5,5,5,0,0
319,3,1,0,5,3,1,5
320,3,3,3,3,3,3,3
321,9,9,9,9,9,9,9
322,9,9,9,9,9,9,9
323,9,9,9,9,9,9,9
324,0,0,0,0,0,3,0
325,3,3,3,3,3,3,3
326,9,9,9,9,9,9,9
327,0,0,0,0,0,0,0
328,7,7,7,7,7,7,7
329,5,5,5,5,5,5,5
330,10,10,10,10,10,10,10
331,5,5,5,5,5,5,5
332,10,10,10,10,10,10,10
333,5,5,5,5,5,5,5
334,10,10,10,10,10,10,10
335,9,9,9,2,4,9,2
336,9,3,9,9,8,9,9
337,6,6,6,6,6,6,6
338,9,9,9,9,8,8,9
339,0,5,5,0,0,0,5
340,3,3,3,3,3,3,3
341,1,1,1,1,1,1,1
342,9,9,9,9,9,9,9
343,10,10,10,10,10,10,10
344,10,10,10,10,10,10,10
345,4,8,8,8,4,4,4
346,10,10,10,10,10,10,10
347,0,0,0,2,0,0,2
348,3,0,0,0,3,7,3
349,2,2,2,2,2,2,2
350,5,2,5,9,5,1,5
351,5,5,5,5,5,5,5
352,2,2,2,5,2,2,2
353,10,10,10,10,10,10,10
354,9,9,9,9,9,9,9
355,6,6,6,6,6,6,6
356,0,5,0,0,3,0,0
357,3,3,4,3,3,3,3
358,10,0,0,0,9,0,0
359,9,9,9,9,9,9,9
360,2,2,2,2,4,2,2
361,2,4,4,4,4,4,4
362,8,5,5,5,5,5,5
363,7,7,7,7,7,7,7
364,4,4,4,4,4,4,4
365,1,1,1,1,1,1,1
366,1,2,1,1,1,1,1
367,1,1,1,2,1,1,1
368,10,10,10,10,10,10,10
369,0,0,2,2,2,0,0
370,2,2,2,2,2,10,2
371,5,5,5,5,5,5,0
372,2,9,9,9,9,9,9
373,4,4,4,4,4,4,4
374,8,8,8,8,8,9,8
375,9,9,9,9,9,9,9
376,2,2,2,2,2,2,2
377,2,2,2,2,2,2,2
378,2,1,2,2,1,2,1
379,8,8,8,8,8,8,8
380,8,8,8,8,8,8,8
381,0,0,0,0,2,2,0
382,9,9,9,9,9,9,9
383,8,9,8,8,8,8,8
384,4,4,4,4,4,4,4
385,3,0,0,0,3,0,3
386,9,9,9,9,9,9,9
387,2,2,2,3,2,2,2
388,4,4,4,4,4,4,4
389,6,2,6,6,6,6,6
390,8,8,8,8,8,8,8
391,10,5,5,5,5,5,5
392,10,10,10,10,10,10,10
393,0,0,0,0,0,0,0
394,5,5,5,5,5,5,5
395,1,1,0,1,1,1,9
396,2,2,9,1,1,1,2
397,5,5,5,5,5,5,5
398,9,9,9,9,9,9,9
399,7,7,7,7,7,7,7
400,2,8,3,2,2,1,3
401,9,9,9,9,9,9,9
402,0,1,2,8,2,1,1
403,8,8,8,8,8,8,10
404,5,5,5,5,4,5,4
405,5,5,5,5,5,5,5
406,1,4,5,1,1,1,1
407,2,2,2,2,2,2,2
408,4,2,2,2,4,1,4
409,8,8,8,8,8,8,8
410,3,8,8,8,3,8,3
411,10,10,10,10,10,10,10
412,1,5,9,10,2,8,10
413,5,5,5,5,5,5,5
414,9,9,9,9,9,9,9
415,5,4,5,5,5,2,5
416,9,9,9,9,9,9,9
417,0,0,0,0,0,0,0
418,4,4,4,4,4,4,4
419,3,3,3,3,3,3,3
420,3,0,2,0,2,2,0
421,9,9,9,9,9,9,9
422,4,2,2,4,2,2,2
423,6,6,6,6,6,6,6
424,5,5,0,0,5,0,5
425,8,8,2,8,8,2,2
426,7,6,7,7,7,7,7
427,2,5,8,5,2,2,2
428,4,4,5,8,4,8,5
429,5,5,2,2,2,2,2
430,3,3,3,3,3,3,3
431,8,8,8,8,8,8,8
432,9,9,9,9,9,9,9
433,3,3,3,3,3,3,3
434,3,3,3,3,3,3,3
435,9,4,9,9,4,4,4
436,3,0,3,3,3,3,3
437,10,10,10,10,10,10,10
438,3,3,3,3,4,3,0
439,2,2,2,2,2,2,2
440,0,0,0,0,0,0,0
441,8,8,8,8,8,8,8
442,10,10,10,10,10,10,10
443,3,4,0,0,0,0,0
444,1,2,2,2,2,2,2
445,6,6,6,6,6,6,6
446,9,9,9,9,9,9,9
447,5,5,5,5,5,5,4
448,4,4,5,5,4,4,4
449,3,3,3,3,3,3,3
450,9,9,9,9,9,9,9
451,2,2,2,2,2,2,2
452,3,3,3,3,3,3,3
453,9,9,9,9,9,9,9
454,3,3,3,3,3,3,3
455,1,8,1,4,8,1,1
456,2,8,8,8,2,2,8
457,8,8,8,8,8,8,8
458,9,9,9,9,9,9,9
459,6,6,6,6,6,6,6
460,4,7,7,7,7,7,7
461,0,0,0,0,0,0,0
462,4,4,4,4,4,4,4
463,9,9,9,9,9,9,9
464,3,3,3,3,3,3,3
465,9,9,9,9,9,9,9
466,2,4,2,2,2,2,2
467,2,0,2,2,0,2,0
468,5,5,5,5,5,5,5
469,4,0,4,9,4,0,0
470,9,9,0,0,3,0,0
471,10,10,10,10,10,10,10
472,2,9,2,2,2,2,2
473,9,9,9,9,9,9,9
474,0,0,0,0,4,4,0
475,4,4,4,5,4,4,4
476,2,4,8,2,8,2,8
477,5,5,5,5,5,5,5
478,2,2,2,5,2,5,2
479,0,4,0,0,8,8,0
480,10,10,10,10,10,10,10
481,5,5,5,5,5,5,5
482,10,10,10,10,10,10,10
483,2,1,1,1,1,1,1
484,9,9,9,9,9,9,9
485,5,5,5,5,5,5,5
486,7,7,7,7,7,7,7
487,1,1,1,1,1,1,1
488,2,2,2,2,2,2,2
489,9,9,9,9,9,9,9
490,9,9,9,9,9,9,9
491,3,4,0,0,3,4,4
492,9,9,9,9,9,9,9
493,2,2,2,2,2,2,2
494,6,6,6,9,9,2,9
495,2,2,2,2,4,2,2
496,0,0,0,0,0,0,0
497,0,0,0,0,0,0,0
498,9,9,9,9,9,9,9
499,1,1,1,1,1,1,1
500,3,3,3,3,3,3,3
501,0,0,0,0,0,0,0
502,7,6,6,6,6,6,6
503,5,5,5,5,5,5,5
504,2,2,2,2,2,0,0
505,7,7,7,7,7,7,7
506,1,2,2,2,2,2,2
507,0,3,3,3,3,3,3
508,3,3,3,3,3,3,3
509,5,5,5,5,5,5,5
510,8,8,8,8,8,8,8
511,5,5,0,2,5,2,5
512,2,2,2,2,2,2,2
513,10,10,10,10,10,10,10
514,2,4,4,0,4,4,4
515,8,8,8,8,8,8,8
516,9,9,9,9,9,9,9
517,2,0,0,0,0,2,0
518,3,3,3,3,3,3,3
519,4,4,4,4,4,4,4
520,2,2,2,2,2,2,2
521,9,9,9,9,9,9,9
522,5,5,5,5,5,5,5
523,8,8,5,8,8,5,5
524,9,9,9,9,9,9,9
525,9,9,9,9,9,9,9
526,3,3,3,3,3,3,3
527,4,4,4,4,4,4,4
528,8,8,8,8,8,8,8
529,3,3,2,3,3,2,3
530,10,10,10,10,10,10,10
531,2,4,5,2,2,2,2
532,9,9,9,9,9,9,9
533,6,6,6,0,6,6,4
534,1,2,1,1,1,1,2
535,5,5,5,5,5,5,5
536,2,0,0,2,2,2,2
537,9,9,9,9,9,9,9
538,9,9,9,9,3,9,9
539,3,1,2,2,2,2,2
540,1,1,1,1,1,1,1
541,1,9,9,9,9,9,9
542,9,9,9,9,9,9,9
543,0,0,0,0,0,0,0
544,0,0,0,0,0,0,0
545,3,3,3,9,3,3,3
546,8,10,2,2,10,2,10
547,10,10,2,10,4,4,10
548,2,2,2,2,2,2,2
549,1,1,1,4,1,1,1
550,3,3,3,3,3,3,3
551,0,0,0,3,0,0,0
552,2,2,2,2,2,2,2
553,3,3,3,3,3,3,3
554,0,0,0,0,0,0,0
555,4,4,4,4,9,4,9
556,0,0,5,0,5,0,0
557,0,0,2,2,3,4,0
558,10,10,10,2,2,10,10
559,3,3,3,3,3,3,3
560,3,3,3,3,3,3,3
561,2,2,2,2,2,2,2
562,1,0,8,2,8,3,3
563,10,10,10,10,10,10,10
564,4,8,2,2,2,2,2
565,9,9,9,9,9,9,9
566,9,9,9,9,9,9,9
567,2,2,9,9,9,9,9
568,4,4,2,4,4,4,4
569,4,4,4,4,4,4,4
570,0,5,5,5,5,5,2
571,8,8,8,8,8,8,8
572,3,0,0,0,4,0,0
573,2,2,2,2,2,2,2
574,2,2,2,2,2,2,2
575,7,7,7,7,7,7,7
576,4,4,4,4,4,4,4
577,0,0,7,7,7,7,0
578,8,8,8,8,8,8,8
579,10,10,10,10,10,10,10
580,2,2,2,2,2,2,2
581,2,2,2,2,2,2,2
582,5,5,5,5,5,5,5
583,2,9,9,9,9,9,9
584,0,0,0,0,0,0,0
585,3,3,3,3,3,3,3
586,9,9,9,9,9,9,9
587,0,0,0,0,0,0,0
588,9,9,9,9,9,9,9
589,5,5,5,5,5,5,5
590,9,9,9,9,9,9,9
591,0,0,0,0,0,0,0
592,9,9,9,9,9,9,9
593,5,2,5,5,2,2,2
594,6,6,6,6,6,6,6
595,2,2,2,2,2,2,2
596,7,7,7,7,7,7,7
597,0,0,0,0,0,0,0
598,5,5,5,5,5,5,5
599,8,2,8,2,2,2,2
600,9,9,9,9,9,9,9
601,2,5,2,2,2,2,2
602,7,3,3,3,3,3,3
603,8,8,0,3,8,8,8
604,5,5,5,2,5,2,3
605,6,6,6,6,6,6,6
606,3,4,1,1,1,1,4
607,2,2,2,2,2,2,2
608,10,9,2,2,10,9,10
609,8,8,8,8,8,8,8
610,2,2,2,2,1,2,2
611,0,0,0,2,0,0,0
612,9,9,9,9,9,9,9
613,8,8,8,8,8,8,8
614,0,8,2,2,4,2,3
615,3,0,0,3,0,0,0
616,9,9,9,9,9,9,9
617,9,9,9,9,9,9,9
618,0,0,0,0,0,0,0
619,9,9,9,9,9,9,9
620,3,2,2,3,3,2,3
621,7,6,7,7,7,7,7
622,10,10,10,10,10,10,10
623,2,6,2,2,2,2,2
624,9,9,9,9,9,9,9
625,9,9,9,9,9,9,9
626,9,9,9,9,9,9,9
627,9,9,9,9,9,9,9
628,8,8,2,8,8,8,8
629,0,8,3,3,0,2,0
630,0,0,0,0,0,0,0
631,4,4,4,4,4,4,4
632,9,2,2,2,9,2,9
633,9,9,9,9,9,9,9
634,10,10,10,10,10,10,10
635,4,4,3,4,4,4,0
636,1,1,3,1,1,1,3
637,3,0,0,0,0,0,0
638,0,0,0,0,3,0,2
639,10,10,10,10,10,10,10
640,9,9,9,9,9,9,9
641,8,8,8,8,8,8,8
642,5,5,5,5,5,5,5
643,4,4,4,4,4,4,4
644,5,5,5,5,5,5,5
645,8,8,8,8,2,8,8
646,5,4,0,0,4,0,2
647,0,0,0,2,4,1,0
648,3,3,6,7,3,7,3
649,9,9,9,9,9,9,9
650,5,5,5,5,5,5,5
651,5,0,0,5,0,0,5
652,2,2,2,2,2,2,2
653,6,6,6,6,6,6,6
654,0,0,4,0,0,0,0
655,2,5,5,5,2,2,5
656,0,0,0,0,0,0,0
657,10,10,10,10,10,10,10
658,2,2,0,2,2,2,0
659,2,2,2,2,2,2,2
660,8,8,8,8,8,8,8
661,0,0,0,0,0,0,0
662,1,2,2,1,2,1,2
663,7,7,7,7,7,7,7
664,9,9,9,9,9,9,9
665,2,0,2,0,2,2,0
666,5,5,5,5,5,5,5
667,7,7,7,7,7,7,7
668,2,10,10,10,10,10,10
669,10,10,10,10,10,10,10
670,3,0,3,2,2,0,0
671,0,0,0,0,0,0,0
672,7,7,7,7,7,7,7
673,6,6,6,6,6,6,6
674,2,2,2,3,2,2,2
675,2,2,2,2,2,2,2
676,9,9,9,9,9,9,9
677,5,5,5,5,5,2,5
678,9,9,6,6,7,9,3
679,5,5,5,5,4,5,0
680,0,3,3,3,3,3,4
681,2,2,6,0,2,0,2
682,2,9,9,2,2,9,9
683,5,5,5,5,5,5,5
684,4,5,5,5,5,5,5
685,8,8,8,8,8,5,9
686,8,8,8,8,8,8,8
687,0,0,0,0,0,0,0
688,7,7,7,7,7,7,7
689,2,5,5,5,5,5,5
690,8,5,2,5,5,1,5
691,4,4,2,3,3,2,3
692,10,10,10,10,10,10,10
693,1,2,2,1,2,2,2
694,7,6,0,7,7,7,6
695,0,0,5,0,0,0,0
696,0,0,0,0,0,0,0
697,2,2,2,2,2,2,2
698,7,7,7,7,7,7,7
699,3,7,7,7,7,7,7
700,5,4,4,9,4,5,0
701,2,2,8,2,2,2,2
702,0,0,0,0,0,0,0
703,6,6,6,6,6,6,6
704,10,10,10,10,10,10,10
705,2,6,2,0,2,2,2
706,2,2,2,2,2,2,2
707,3,3,3,3,3,3,3
708,9,9,9,9,9,9,9
709,2,10,1,9,1,1,1
710,9,9,9,9,9,9,9
711,5,0,3,8,3,3,3
712,5,5,5,5,5,5,0
713,10,10,10,10,10,10,10
714,3,3,3,1,3,3,3
715,8,8,8,8,8,8,8
716,3,3,3,0,3,0,3
717,6,6,6,6,6,6,6
718,2,9,6,9,6,6,6
719,3,3,3,3,3,3,3
720,4,4,4,4,4,4,4
721,5,5,5,5,5,5,5
722,2,2,2,10,4,2,4
723,3,3,3,3,3,3,3
724,3,3,3,3,3,3,3
725,2,2,2,2,2,2,2
726,8,8,8,8,8,8,8
727,5,5,5,5,5,2,5
728,9,9,9,9,9,9,9
729,3,3,3,3,3,3,3
730,2,2,2,0,3,4,3
731,2,2,2,2,2,2,2
732,5,2,2,2,2,2,2
733,9,9,9,9,9,9,9
734,0,0,0,0,3,0,0
735,2,0,0,0,0,0,0
736,8,8,8,8,8,8,8
737,9,9,9,9,9,9,9
738,3,3,3,9,3,3,3
739,9,9,9,9,9,9,9
740,4,4,4,4,4,4,4
741,5,5,3,5,5,5,5
742,5,5,5,5,5,5,5
743,2,2,3,0,3,2,3
744,2,2,5,5,2,2,2
745,3,3,3,3,3,3,3
746,9,2,2,2,2,2,2
747,8,8,8,8,8,1,8
748,10,10,10,10,10,10,10
749,2,8,2,2,4,2,3
750,9,9,9,9,9,9,9
751,10,10,10,10,10,10,10
752,0,0,0,0,0,0,0
753,5,5,2,2,2,2,2
754,2,2,2,2,2,2,8
755,6,6,6,6,6,6,6
756,0,5,5,5,5,0,5
757,2,5,5,2,2,2,5
758,9,9,9,9,9,9,9
759,7,7,7,7,7,7,7
760,9,9,9,9,9,9,9
761,10,10,10,10,10,10,10
762,5,5,5,5,5,5,5
763,3,3,3,3,3,5,3
764,0,0,0,0,0,0,0
765,5,5,5,5,5,5,5
766,6,6,6,6,6,6,6
767,2,2,2,2,2,2,5
768,5,5,5,5,5,5,5
769,3,3,3,9,3,3,3
770,0,4,0,0,4,2,0
771,9,9,9,9,9,9,9
772,10,10,10,10,10,10,10
773,10,10,10,10,10,10,10
774,4,4,4,4,4,4,4
775,9,0,0,0,0,0,0
776,5,5,5,5,5,5,5
777,2,2,2,2,2,10,2
778,1,3,5,8,8,5,0
779,2,5,5,2,2,2,5
780,0,0,0,0,0,0,0
781,4,4,4,4,4,10,10
782,5,5,5,5,5,5,8
783,8,8,8,8,8,8,8
784,2,2,2,2,2,2,2
785,8,8,8,8,8,8,8
786,9,9,9,9,9,9,9
787,10,10,10,10,10,10,10
788,3,3,3,3,3,3,3
789,2,2,2,2,2,2,2
790,3,0,3,0,3,3,3
791,2,2,2,2,2,2,2
792,5,0,5,5,5,5,5
793,2,4,4,2,2,2,2
794,2,2,2,2,2,2,2
795,9,9,9,9,9,9,9
796,10,10,10,10,10,10,10
797,4,4,4,4,4,4,4
798,0,4,4,4,4,4,4
799,8,8,8,8,8,8,8
800,4,4,6,4,4,4,4
801,4,4,4,4,4,4,4
802,10,10,10,10,10,10,10
803,5,5,5,5,5,5,5
804,1,1,1,9,1,1,9
805,0,3,0,0,3,3,0
806,5,5,2,5,3,2,2
807,2,2,2,2,2,2,2
808,10,10,10,10,10,10,10
809,2,2,2,2,3,2,2
810,10,10,2,10,10,10,10
811,5,3,8,5,3,3,3
812,0,0,0,0,0,0,0
813,8,8,2,8,8,8,8
814,3,0,0,0,3,0,0
815,9,9,9,9,9,9,9
816,2,9,2,2,2,2,2
817,2,0,8,0,0,0,0
818,5,5,5,5,5,5,5
819,9,9,9,9,9,9,9
820,9,9,9,9,9,9,9
821,10,10,10,3,10,10,10
822,6,6,6,6,6,6,6
823,7,6,6,7,7,7,7
824,4,4,4,2,4,4,4
825,8,9,8,8,8,8,8
826,5,5,5,5,5,5,5
827,9,9,9,5,9,9,9
828,9,9,9,9,9,9,9
829,2,2,2,2,2,2,2
830,0,0,0,0,0,0,0
831,0,3,0,0,0,0,0
832,3,3,3,3,3,3,3
833,2,8,3,3,3,3,3
834,4,4,4,4,4,4,4
835,5,5,5,5,5,5,5
836,4,4,4,4,4,4,4
837,2,2,2,2,2,2,2
838,3,3,8,8,8,8,3
839,10,10,10,10,10,10,10
840,10,10,10,10,10,10,10
841,9,9,9,9,9,9,9
842,9,9,9,9,9,9,9
843,8,8,8,8,8,8,8
844,4,4,4,4,4,4,4
845,5,5,5,5,5,5,5
846,5,5,5,5,5,5,5
847,6,6,6,6,6,6,6
848,10,10,10,10,10,10,10
849,9,9,9,9,9,9,9
850,6,6,6,6,6,6,6
851,0,0,0,0,0,0,0
852,0,0,0,0,0,0,0
853,9,9,9,9,9,9,9
854,2,5,2,2,2,2,2
855,3,3,3,3,3,3,3
856,2,1,2,2,4,1,2
857,2,2,2,2,2,2,2
858,0,0,0,0,3,0,0
859,0,0,0,2,0,2,0
860,8,10,10,8,8,8,8
861,7,4,4,7,6,7,7
862,8,8,8,8,8,8,8
863,4,2,4,4,4,4,4
864,4,4,4,4,4,4,4
865,3,3,3,3,3,3,3
866,8,8,3,8,8,3,3
867,9,9,9,2,2,9,2
868,5,5,5,5,5,5,5
869,2,1,4,0,3,3,2
870,7,7,7,7,7,7,7
871,5,5,5,5,5,5,5
872,2,2,2,1,2,2,2
873,8,8,8,8,8,8,8
874,6,6,6,6,6,6,6
875,5,5,9,5,2,2,9
876,9,9,9,9,9,9,9
877,1,1,1,1,1,1,1
878,2,2,5,2,2,2,8
879,5,5,5,5,5,5,5
880,2,2,2,2,2,2,2
881,2,2,2,2,2,2,2
882,9,9,9,9,9,9,9
883,9,8,9,9,9,9,9
884,4,9,9,9,9,9,9
885,9,9,9,9,9,9,9
886,5,5,5,5,5,5,5
887,9,9,9,9,9,9,9
888,8,8,8,8,8,8,8
889,8,8,8,8,8,8,8
890,5,4,4,4,4,4,4
891,2,10,10,10,10,10,10
892,5,5,8,8,8,8,0
893,2,8,8,8,8,8,8
894,5,5,5,2,2,2,2
895,0,0,0,0,0,0,0
896,0,0,0,0,0,0,0
897,5,5,5,5,5,5,5
898,5,5,5,5,5,5,5
899,9,9,9,9,9,9,9
900,10,10,10,10,10,10,10
901,5,5,5,5,5,5,5
902,3,3,3,3,3,3,3
903,5,5,5,5,5,5,5
904,0,9,0,4,0,0,0
905,8,8,8,8,8,8,8
906,2,2,2,2,2,2,2
907,9,9,9,9,9,9,9
908,0,0,5,2,5,2,0
909,0,3,3,0,0,0,0
910,10,8,10,10,10,10,0
911,6,6,6,9,6,6,6
912,5,5,5,5,5,5,5
913,1,1,1,1,1,1,1
914,5,5,5,5,5,5,5
915,3,3,3,3,3,3,3
916,0,5,0,8,3,8,0
917,3,3,3,3,3,3,3
918,8,8,8,8,8,8,8
919,10,10,10,10,10,10,10
920,4,4,4,4,4,4,4
921,10,10,10,10,10,10,10
922,5,9,5,5,9,5,8
923,5,5,5,5,5,5,5
924,8,8,0,5,8,8,8
925,8,8,8,8,8,8,8
926,4,4,4,4,4,4,4
927,10,10,10,10,10,10,10
928,1,1,1,1,1,1,1
929,8,8,8,8,8,8,8
930,2,2,2,2,2,2,5
931,8,8,8,8,8,8,8
932,2,2,2,2,2,2,2
933,2,5,5,5,5,5,5
934,9,9,9,9,9,9,9
935,8,8,2,5,8,2,10
936,5,5,5,2,5,5,5
937,10,10,10,10,10,10,10
938,2,2,2,1,2,2,2
939,0,0,5,5,3,0,0
940,0,0,0,0,0,0,0
941,0,0,0,0,2,0,0
942,5,2,5,5,5,2,5
943,0,4,0,4,4,4,4
944,9,9,9,9,9,9,9
945,5,5,5,5,5,5,3
946,4,4,4,4,4,4,4
947,8,9,9,9,2,2,1
948,3,3,3,3,3,3,3
949,9,9,9,9,9,9,9
950,2,3,6,1,3,3,3
951,0,0,0,0,2,0,0
952,3,3,3,3,3,3,3
953,1,1,1,1,1,1,1
954,9,9,9,9,9,9,9
955,2,2,9,2,4,9,2
956,2,4,2,8,4,2,2
957,0,0,0,0,0,0,0
958,8,8,8,8,8,8,8
959,0,0,0,0,4,2,0
960,2,8,8,9,8,9,8
961,5,1,1,5,1,1,5
962,8,8,5,5,5,8,5
963,2,2,2,2,2,2,2
964,4,4,4,4,4,4,4
965,3,3,3,3,3,3,3
966,5,5,5,5,5,2,5
967,0,0,0,0,0,0,0
968,3,9,5,8,5,5,5
969,4,4,5,4,4,8,4
970,6,6,6,6,6,6,6
971,9,9,2,9,9,9,9
972,2,2,2,2,2,2,2
973,1,1,1,1,1,1,1
974,2,2,2,2,2,2,2
975,5,3,3,5,3,5,5
976,1,1,1,1,1,1,1
977,3,3,3,3,3,3,3
978,0,0,3,4,4,0,4
979,8,8,8,8,8,2,8
980,2,8,9,2,5,2,5
981,6,6,6,6,6,6,6
982,3,3,3,3,3,3,3
983,10,10,10,10,10,10,10
984,9,9,9,9,9,9,9
985,9,9,9,9,9,9,9
986,2,5,5,5,5,5,5
987,8,8,8,8,8,8,8
988,10,10,10,10,10,10,10
989,9,9,9,9,9,9,9
990,7,7,7,7,7,7,7
991,0,0,0,0,3,0,0
992,8,8,8,8,8,8,8
993,2,5,2,5,2,2,2
994,10,10,3,10,10,10,10
995,9,9,9,9,9,9,9
996,4,4,4,4,4,4,4
997,9,9,9,9,9,9,9
998,0,3,5,3,3,3,3
999,4,4,4,4,4,4,4
1000,2,2,2,2,2,2,2
1001,9,9,9,9,9,9,9
1002,0,3,3,0,3,3,3
1003,6,6,6,6,6,6,6
1004,10,10,10,10,10,10,10
1005,10,10,10,10,10,10,10
1006,3,2,4,4,3,2,4
1007,2,2,2,2,2,2,2
1008,9,9,9,9,9,9,9
1009,5,5,8,2,8,4,4
1010,3,3,3,3,3,3,3
1011,9,9,9,9,9,9,9
1012,2,4,4,2,5,4,2
1013,3,3,3,3,3,3,3
1014,2,2,2,2,2,2,2
1015,7,7,7,7,7,7,7
1016,0,2,2,2,1,2,2
1017,2,2,2,2,2,2,2
1018,8,8,8,8,8,8,8
1019,10,10,10,10,10,10,10
1020,10,10,10,10,10,10,10
1021,3,3,3,3,3,3,3
1022,9,6,2,2,2,2,6
1023,4,4,4,4,4,4,4
1024,5,5,8,5,5,8,5
1025,10,10,10,10,10,10,10
1026,4,4,4,7,4,4,4
1027,3,3,3,3,3,3,3
1028,5,5,5,5,5,2,5
1029,7,7,7,7,7,7,7
1030,5,5,5,5,5,5,5
1031,9,9,9,9,9,9,9
1032,2,2,2,2,2,2,2
1033,2,6,6,6,6,6,6
1034,9,9,9,9,9,9,9
1035,10,10,10,10,10,10,10
1036,2,2,2,2,3,2,3
1037,10,10,10,10,10,10,10
1038,8,8,8,8,8,8,8
1039,8,8,8,8,8,8,8
1040,8,8,8,8,8,8,8
1041,3,3,3,3,3,3,3
1042,1,1,1,1,1,1,1
1043,4,2,2,9,2,2,0
1044,9,3,9,9,3,9,9
1045,8,8,10,10,8,8,10
1046,8,8,8,8,8,8,8
1047,2,0,2,2,9,9,0
1048,4,4,4,4,4,4,4
1049,2,2,2,2,2,2,2
1050,4,4,4,4,4,4,4
1051,3,3,0,3,3,3,0
1052,5,5,5,5,5,5,5
1053,0,0,0,0,0,0,0
1054,2,2,2,2,2,2,2
1055,4,4,4,9,4,4,4
1056,1,1,2,2,2,2,2
1057,5,5,5,5,5,5,5
1058,8,8,8,8,8,8,8
1059,9,9,9,9,9,9,9
1060,4,4,4,4,4,4,4
1061,8,8,8,8,8,8,8
1062,1,1,1,1,1,1,1
1063,4,4,4,4,4,4,4
1064,1,1,1,3,3,9,3
1065,9,9,9,9,9,9,9
1066,9,9,9,9,9,9,9
1067,9,9,9,9,9,9,9
1068,0,0,9,0,4,0,0
1069,9,9,9,9,9,9,9
1070,2,0,0,0,0,0,0
1071,8,2,2,2,2,2,2
1072,5,0,5,0,0,0,0
1073,10,10,10,10,10,10,10
1074,10,10,10,10,10,10,10
1075,0,2,0,0,0,0,0
1076,3,3,0,0,3,3,3
1077,5,5,5,5,5,5,5
1078,6,6,6,6,6,6,6
1079,5,1,5,5,1,8,0
1080,3,5,5,0,0,5,0
1081,2,2,2,2,1,2,1
1082,8,8,8,8,8,8,8
1083,0,3,3,3,3,3,3
1084,0,0,0,0,0,0,0
1085,10,10,10,10,10,10,10
1086,3,3,3,3,3,3,3
1087,2,2,2,2,2,2,2
1088,9,9,9,9,9,9,9
1089,8,8,8,8,8,8,8
1090,4,4,4,4,4,4,4
1091,7,7,7,7,7,7,7
1092,0,4,0,4,4,4,0
1093,2,2,2,2,2,2,2
1094,9,5,9,9,9,9,9
1095,5,5,5,5,5,5,5
1096,8,8,8,8,8,8,8
1097,5,9,9,9,9,9,9
1098,5,5,5,5,5,5,5
1099,9,9,9,9,9,9,9
1100,2,2,2,2,2,9,2
1101,8,2,8,8,8,8,8
1102,4,4,4,4,4,4,4
1103,3,3,3,3,3,3,3
1104,0,0,0,0,0,0,0
1105,3,3,3,3,3,3,3
1106,0,6,6,0,6,6,6
1107,0,0,0,0,0,0,0
1108,4,4,4,4,4,4,4
1109,1,1,2,1,1,1,2
1110,9,9,9,9,2,9,9
1111,2,2,2,2,2,2,2
1112,2,2,2,2,2,2,3
1113,2,2,1,1,1,1,4
1114,2,2,2,9,4,2,2
1115,5,5,5,5,5,5,5
1116,4,4,4,4,4,4,4
1117,8,8,8,8,8,8,8
1118,6,6,6,6,6,6,6
1119,9,9,9,9,9,9,9
1120,8,8,8,8,8,8,8
1121,5,4,5,5,4,3,4
1122,7,0,0,3,7,0,0
1123,1,1,2,2,2,2,2
1124,5,5,5,5,5,5,5
1125,4,4,4,4,4,4,4
1126,3,3,3,3,3,3,3
1127,7,7,7,7,7,7,7
1128,3,3,3,0,3,3,3
1129,10,5,9,9,9,9,9
1130,1,1,1,1,1,1,1
1131,10,10,10,10,10,10,10
1132,2,5,5,2,2,5,2
1133,2,2,8,1,8,8,8
1134,9,9,9,9,9,9,9
1135,2,2,2,9,2,2,2
1136,4,6,6,6,6,6,6
1137,4,9,2,9,4,2,10
1138,9,9,9,9,9,9,9
1139,2,2,0,0,2,2,2
1140,3,2,2,2,8,8,2
1141,7,7,7,7,7,7,7
1142,9,9,9,9,9,9,9
1143,10,10,10,10,8,10,10
1144,0,3,0,5,5,0,0
1145,5,5,5,5,5,5,5
1146,2,9,2,2,2,2,2
1147,1,0,2,2,1,1,0
1148,1,1,5,5,1,1,0
1149,7,2,3,2,2,2,0
1150,4,4,4,4,4,4,4
1151,6,6,6,6,6,6,6
1152,10,10,10,10,10,10,10
1153,2,5,5,5,4,5,5
1154,2,2,2,2,2,2,2
1155,6,6,6,6,6,6,3
1156,9,9,9,9,9,9,9
1157,9,9,9,9,4,9,9
1158,2,2,2,2,2,2,2
1159,10,8,8,8,8,8,8
1160,9,9,9,9,9,9,9
1161,10,10,10,10,10,10,10
1162,2,8,8,8,8,8,8
1163,2,2,2,2,2,2,2
1164,3,3,3,3,3,3,3
1165,3,3,3,3,3,3,3
1166,4,4,4,4,4,4,4
1167,1,1,1,1,1,1,1
1168,5,5,5,5,5,5,5
1169,3,3,2,3,3,2,3
1170,3,3,3,3,3,3,3
1171,8,8,8,8,8,8,8
1172,8,8,8,8,8,8,8
1173,6,6,6,6,6,6,6
1174,5,5,5,5,5,5,5
1175,3,3,3,3,3,3,3
1176,1,1,1,1,1,1,1
1177,5,5,5,5,5,5,5
1178,8,8,8,8,8,8,8
1179,4,4,4,4,4,4,4
1180,7,7,7,7,7,7,7
1181,2,1,2,2,2,2,8
1182,7,7,7,7,7,7,7
1183,5,5,5,5,5,5,5
1184,10,10,10,10,10,10,10
1185,2,0,0,0,0,2,0
1186,2,2,2,2,2,2,2
1187,5,5,5,5,5,5,5
1188,2,2,2,2,2,2,2
1189,2,2,2,2,2,2,2
1190,1,0,2,2,5,5,3
1191,9,6,2,2,2,2,2
1192,9,9,9,9,9,9,9
1193,5,5,5,5,5,5,5
1194,3,3,3,9,3,3,3
1195,9,9,9,9,9,9,9
1196,5,5,5,5,5,5,5
1197,5,5,7,5,7,7,5
1198,1,1,1,1,1,2,1
1199,9,9,9,9,9,9,9
1200,3,3,3,3,3,3,3
1201,7,7,7,7,7,7,7
1202,4,3,3,0,3,3,3
1203,10,10,10,10,10,10,10
1204,0,0,0,0,0,0,0
1205,3,3,3,3,3,3,3
1206,2,9,2,2,9,9,9
1207,3,3,3,3,3,3,3
1208,3,3,3,3,3,3,3
1209,2,4,2,2,2,10,2
1210,0,0,3,0,3,0,0
1211,0,0,0,0,4,4,4
1212,9,9,9,9,9,9,9
1213,5,5,5,5,5,5,5
1214,8,8,2,8,2,8,8
1215,9,4,9,9,9,9,9
1216,9,9,9,9,9,9,9
1217,8,4,2,4,4,1,2
1218,5,5,5,5,5,5,5
1219,4,4,4,4,4,4,4
1220,0,0,0,0,0,0,0
1221,9,9,9,9,9,9,9
1222,5,5,5,5,4,5,4
1223,2,2,2,2,2,2,2
1224,5,5,5,5,5,2,5
1225,9,9,9,9,9,9,9
1226,7,7,7,7,7,7,7
1227,9,9,9,9,9,9,9
1228,3,3,3,8,3,3,3
1229,4,2,2,2,2,2,2
1230,0,0,3,3,0,0,0
1231,0,4,0,0,0,0,0
1232,10,10,10,10,10,10,10
1233,5,5,5,5,5,5,5
1234,3,8,3,2,4,10,3
1235,6,6,6,2,6,6,6
1236,9,9,9,9,9,9,9
1237,1,1,1,1,1,1,1
1238,8,8,8,8,8,8,8
1239,1,1,1,1,1,1,1
1240,7,7,7,7,7,7,7
1241,0,0,3,0,3,3,3
1242,5,5,5,5,5,5,5
1243,9,9,9,9,9,9,9
1244,2,2,2,2,2,2,2
1245,0,0,0,0,0,0,0
1246,9,9,9,9,9,9,9
1247,0,0,5,0,5,0,0
1248,0,3,3,3,3,3,3
1249,8,4,4,4,4,4,4
1250,2,2,2,2,2,2,5
1251,2,4,2,2,2,2,2
1252,6,6,6,6,6,6,6
1253,2,2,2,9,2,2,9
1254,0,0,0,0,4,0,0
1255,2,2,2,2,2,2,2
1256,1,9,9,5,1,1,9
1257,3,3,3,3,3,3,3
1258,1,1,1,1,1,1,1
1259,9,9,9,9,9,9,9
1260,0,0,0,0,0,0,0
1261,8,4,8,8,4,0,9
1262,5,5,5,4,4,4,4
1263,6,6,6,6,6,6,6
1264,2,2,2,2,2,2,2
1265,9,9,7,9,6,9,9
1266,8,8,8,8,8,8,8
1267,4,4,4,2,4,4,4
1268,7,7,7,7,7,7,7
1269,10,10,10,10,10,10,10
1270,9,9,9,9,9,9,9
1271,4,2,2,2,2,2,2
1272,5,5,5,5,5,5,5
1273,10,10,10,10,10,10,10
1274,3,0,3,0,3,3,0
1275,9,9,9,9,9,9,9
1276,9,9,9,9,9,9,9
1277,9,9,9,9,9,9,9
1278,6,6,6,6,6,6,6
1279,0,0,0,0,0,0,0
1280,3,0,3,3,3,3,3
1281,0,0,0,0,0,2,0
1282,5,5,5,5,5,5,5
1283,4,4,4,4,4,4,4
1284,4,4,4,4,4,4,4
1285,3,3,3,3,3,3,3
1286,9,0,9,9,9,9,9
1287,4,4,3,4,4,4,4
1288,2,2,2,2,3,2,2
1289,5,5,5,5,5,5,5
1290,2,2,2,2,2,2,2
1291,3,9,9,7,6,6,9
1292,7,7,7,7,7,7,9
1293,9,9,9,9,9,9,9
1294,5,4,0,5,5,5,0
1295,2,4,2,2,2,2,2
1296,5,4,3,4,4,4,3
1297,2,8,2,8,2,1,4
1298,5,5,5,5,5,5,5
1299,10,10,10,10,10,10,10
1300,2,2,2,2,2,2,8
1301,3,3,3,3,3,2,3
1302,5,5,5,5,5,5,5
1303,5,8,8,8,8,8,8
1304,3,3,3,3,3,3,3
1305,9,9,9,9,9,9,9
1306,5,4,4,4,4,4,4
1307,4,4,4,4,4,4,4
1308,5,9,9,9,5,5,9
1309,4,4,4,4,4,4,4
1310,8,8,8,8,8,8,8
1311,2,8,0,8,4,8,8
1312,7,7,7,7,7,7,2
1313,8,8,8,8,8,8,8
1314,6,9,6,3,6,6,3
1315,0,8,3,0,0,5,0
1316,4,4,4,4,4,4,4
1317,9,9,9,9,9,9,9
1318,0,0,0,3,4,3,0
1319,9,9,9,9,9,9,9
1320,3,3,3,3,3,3,3
1321,0,0,0,0,0,0,0
1322,2,2,2,2,1,2,2
1323,9,9,9,9,9,9,9
1324,0,0,0,0,0,0,0
1325,4,4,4,4,4,4,4
1326,2,3,3,0,1,9,0
1327,0,0,2,2,2,2,0
1328,2,2,2,2,2,2,2
1329,5,5,5,5,5,5,5
1330,6,6,6,6,6,6,6
1331,2,2,2,2,2,2,2
1332,9,2,2,2,2,2,2
1333,7,7,7,7,7,7,7
1334,1,1,1,1,1,1,1
1335,9,9,9,9,9,9,9
1336,2,2,2,2,2,2,8
1337,5,5,5,5,5,5,5
1338,0,0,0,7,0,8,8
1339,5,5,5,5,5,5,5
1340,5,0,0,0,0,0,0
1341,3,3,3,3,3,3,3
1342,8,8,8,8,8,8,8
1343,9,9,9,9,9,9,9
1344,7,6,7,7,7,7,7
1345,10,10,10,10,10,10,10
1346,2,4,0,0,0,0,4
1347,9,9,9,9,9,9,9
1348,8,8,8,8,8,8,8
1349,6,6,6,6,6,6,6
1350,10,10,10,8,10,10,10
1351,1,9,9,1,1,1,1
1352,5,2,5,5,2,5,5
1353,7,7,7,7,7,7,7
1354,8,8,8,8,8,8,8
1355,7,4,6,5,4,7,5
1356,5,5,5,5,5,5,5
1357,1,2,2,9,9,9,9
1358,2,2,2,4,2,2,2
1359,4,4,9,9,9,9,4
1360,3,3,3,3,3,3,3
1361,2,0,5,9,2,2,9
1362,2,2,2,2,2,2,2
1363,6,2,6,6,6,6,6
1364,2,2,2,9,8,2,2
1365,2,2,0,0,0,0,0
1366,2,2,2,0,3,2,9
1367,4,0,2,4,4,5,4
1368,0,8,5,5,4,5,3
1369,0,0,5,5,0,0,3
1370,2,4,2,8,4,2,4
1371,9,9,9,9,4,9,9
1372,4,4,4,4,4,4,4
1373,5,5,5,5,5,2,3
1374,9,9,9,9,9,9,9
1375,4,10,10,10,4,10,10
1376,9,9,9,9,9,9,9
1377,5,5,5,5,5,5,5
1378,2,5,5,5,5,5,5
1379,8,8,8,8,8,8,8
1380,0,3,3,3,3,0,4
1381,5,5,5,5,5,5,5
1382,10,10,10,10,10,10,10
1383,5,5,5,5,5,5,5
1384,4,4,4,4,4,4,4
1385,2,1,2,2,2,2,2
1386,3,3,3,3,3,3,3
1387,8,2,8,8,8,8,8
1388,2,2,0,2,2,2,8
1389,8,8,8,8,8,0,0
1390,3,9,8,3,3,9,9
1391,6,3,6,6,6,6,6
1392,9,9,9,9,9,9,9
1393,5,5,5,5,5,5,5
1394,1,1,1,1,1,1,1
1395,2,9,2,2,8,2,2
1396,10,10,10,10,10,10,10
1397,5,5,5,5,5,2,5
1398,4,4,4,4,4,4,4
1399,2,8,8,2,2,8,2
1400,7,7,7,7,7,7,7
1401,10,10,10,10,10,10,10
1402,4,4,4,4,4,4,4
1403,3,3,3,3,3,3,3
1404,10,10,2,10,10,10,10
1405,3,4,3,5,4,5,4
1406,8,2,2,8,2,2,8
1407,9,9,9,9,9,9,9
1408,5,5,5,5,5,5,5
1409,0,0,0,9,3,0,3
1410,6,6,6,6,6,6,6
1411,2,2,2,2,2,2,2
1412,9,9,9,9,9,9,9
1413,2,0,0,0,0,0,2
1414,2,2,4,2,2,2,2
1415,10,10,10,10,10,10,10
1416,5,0,2,0,4,2,3
1417,5,5,5,5,5,5,5
1418,0,0,4,2,0,0,0
1419,5,5,5,5,5,5,5
1420,8,8,8,8,8,8,8
1421,1,1,1,2,1,1,1
1422,9,9,9,9,9,9,9
1423,2,2,2,2,2,2,2
1424,6,6,6,6,6,6,6
1425,5,5,5,5,5,5,5
1426,2,2,2,2,2,2,2
1427,4,4,4,5,4,5,4
1428,2,4,2,0,4,2,5
1429,0,0,0,5,0,0,0
1430,9,9,9,9,9,9,9
1431,10,10,10,10,10,10,10
1432,9,9,9,9,9,9,9
1433,0,0,3,3,3,3,3
1434,3,3,3,3,3,3,3
1435,4,4,2,2,4,2,4
1436,2,9,2,9,9,9,9
1437,7,7,7,7,7,7,7
1438,7,7,7,7,7,7,7
1439,3,3,3,3,3,3,3
1440,1,1,1,1,1,1,1
1441,2,2,2,2,2,2,2
1442,3,3,3,3,3,3,3
1443,10,10,5,10,10,10,10
1444,0,8,8,8,8,8,8
1445,3,3,3,3,3,3,3
1446,5,5,5,2,5,5,5
1447,2,2,2,2,2,9,2
1448,2,2,2,2,2,1,2
1449,2,3,5,5,5,2,5
1450,3,2,2,2,2,2,3
1451,4,4,5,4,4,5,4
1452,10,10,10,10,10,10,10
1453,8,8,8,8,8,8,8
1454,9,9,9,9,9,9,9
1455,3,3,3,3,3,3,3
1456,3,4,4,4,3,4,4
1457,0,0,0,4,0,0,0
1458,2,3,3,3,3,3,3
1459,5,5,5,5,5,5,5
1460,8,8,8,8,8,8,8
1461,6,6,6,6,6,6,6
1462,0,0,0,0,0,0,0
1463,10,10,10,10,10,10,10
1464,10,10,10,10,10,10,10
1465,9,9,9,9,9,9,9
1466,4,4,4,4,4,4,4
1467,2,2,2,2,2,2,2
1468,10,10,10,10,10,10,10
1469,2,3,0,2,3,3,3
1470,4,4,4,4,4,4,4
1471,2,2,0,2,2,2,0
1472,1,1,1,5,1,1,1
1473,2,2,2,2,2,2,1
1474,8,8,8,8,8,8,8
1475,3,3,3,3,3,3,3
1476,8,8,8,8,8,8,8
1477,8,8,8,8,8,8,9
1478,8,8,8,8,8,8,8
1479,0,1,1,2,2,2,0
1480,0,0,0,0,0,0,0
1481,4,4,4,4,4,4,4
1482,1,1,1,1,1,1,2
1483,10,10,10,10,10,10,10
1484,3,3,3,3,3,3,3
1485,3,3,3,4,4,4,0
1486,9,9,9,9,9,9,9
1487,8,8,2,2,8,1,8
1488,4,4,4,4,4,4,4
1489,2,5,5,5,5,1,9
1490,4,0,2,2,2,2,4
1491,8,8,8,8,8,8,8
1492,3,3,3,3,3,3,3
1493,10,10,10,10,10,10,10
1494,9,9,9,9,9,9,3
1495,3,3,3,3,3,3,3
1496,8,8,8,8,8,8,8
1497,9,9,9,9,9,9,9
1498,7,7,7,7,7,7,7
1499,3,0,3,5,3,0,0
1500,4,4,4,5,4,5,4
1501,6,6,6,6,6,6,6
1502,3,3,3,3,3,7,3
1503,9,9,9,9,9,9,9
1504,0,0,0,0,3,8,0
1505,7,7,7,7,7,7,7
1506,0,0,0,6,6,6,3
1507,2,2,10,10,10,10,10
1508,5,5,5,5,5,5,5
1509,10,10,10,10,10,10,10
1510,5,5,5,5,5,5,5
1511,1,2,1,7,1,1,9
1512,6,6,6,6,6,6,6
1513,6,6,6,6,6,6,6
1514,4,4,9,2,2,2,0
1515,9,9,9,9,9,9,9
1516,9,9,9,9,9,9,9
1517,9,9,9,9,9,9,9
1518,1,9,0,2,1,2,2
1519,0,9,9,9,4,9,2
1520,2,8,8,8,8,8,8
1521,5,5,5,5,5,5,5
1522,9,9,9,9,9,9,9
1523,5,5,5,5,5,5,5
1524,5,0,2,8,2,2,5
1525,4,4,4,4,4,4,4
1526,9,9,9,9,9,9,9
1527,0,2,3,8,0,3,0
1528,0,0,0,0,0,0,0
1529,5,5,5,5,5,5,5
1530,10,10,10,10,10,10,10
1531,10,10,5,10,10,10,10
1532,5,5,5,5,4,4,5
1533,9,9,9,9,9,9,9
1534,9,9,9,9,9,9,9
1535,4,4,4,4,4,4,4
1536,6,6,6,6,6,6,6
1537,9,9,9,9,9,9,9
1538,2,2,2,2,2,2,2
1539,2,2,2,2,2,2,2
1540,4,4,4,4,4,4,4
1541,2,4,4,4,3,4,4
1542,1,1,1,1,1,1,1
1543,3,0,3,0,3,3,3
1544,2,2,9,2,2,2,2
1545,2,2,8,8,2,2,9
1546,9,2,2,9,2,2,1
1547,2,3,0,0,2,0,2
1548,4,0,2,2,4,2,2
1549,8,8,8,8,8,8,8
1550,10,10,10,10,10,10,10
1551,2,2,1,2,4,1,4
1552,4,4,4,4,4,4,4
1553,2,5,5,5,5,5,0
1554,0,0,4,9,4,2,9
1555,3,3,3,3,3,3,3
1556,5,5,5,5,5,5,5
1557,9,9,9,9,9,9,9
1558,10,10,10,10,10,10,10
1559,3,3,3,3,3,7,3
1560,5,5,5,5,5,5,5
1561,5,9,9,9,9,9,9
1562,10,10,10,10,10,10,10
1563,8,8,8,8,8,8,8
1564,4,4,4,4,4,4,4
1565,6,6,6,6,6,6,6
1566,7,7,7,7,7,7,7
1567,3,3,3,3,3,3,3
1568,2,5,5,5,5,5,5
1569,0,0,0,0,0,0,0
1570,10,8,8,8,8,8,8
1571,7,4,4,7,4,4,4
1572,8,8,8,8,8,8,8
1573,8,8,8,8,8,8,8
1574,10,10,10,10,10,10,10
1575,10,10,10,10,10,10,10
1576,8,5,5,5,5,5,3
1577,5,5,5,5,5,5,5
1578,2,2,2,5,2,2,2
1579,9,9,9,9,9,9,9
1580,4,4,4,4,4,4,4
1581,8,9,9,9,8,9,9
1582,9,9,9,9,9,9,9
1583,0,0,0,0,0,0,0
1584,9,9,9,9,9,9,9
1585,3,3,3,3,3,3,3
1586,10,10,10,10,10,10,10
1587,4,4,4,4,4,0,0
1588,2,2,2,2,2,2,2
1589,2,2,2,2,8,8,2
1590,2,2,2,2,2,2,2
1591,8,8,8,8,8,8,8
1592,8,0,3,0,4,4,0
1593,5,5,5,5,5,5,5
1594,2,5,5,5,5,0,5
1595,4,4,4,4,4,4,4
1596,0,3,0,0,3,0,0
1597,8,8,8,8,8,8,8
1598,10,10,10,10,10,10,10
1599,5,5,5,5,5,5,5
1600,6,8,6,6,6,6,6
1601,4,4,5,5,4,5,5
1602,9,6,6,2,2,6,9
1603,10,0,0,0,0,0,0
1604,5,5,5,5,5,5,5
1605,1,2,1,2,2,2,2
1606,5,5,5,5,5,5,5
1607,0,4,4,4,4,4,4
1608,3,3,5,5,5,5,3
1609,4,4,4,4,4,4,4
1610,2,3,3,3,3,3,3
1611,0,0,4,4,4,0,4
1612,8,4,4,2,4,9,9
1613,0,0,0,0,0,0,0
1614,3,2,2,2,3,2,2
1615,0,0,0,0,0,0,0
1616,0,3,0,0,0,0,3
1617,1,8,8,1,1,1,8
1618,3,3,3,3,3,3,3
1619,1,1,2,1,2,2,1
1620,2,4,2,2,4,2,4
1621,10,10,10,10,10,10,10
1622,2,2,2,2,2,2,2
1623,9,9,9,9,9,9,9
1624,3,5,5,5,5,0,0
1625,2,5,2,2,2,2,2
1626,6,6,6,4,6,6,6
1627,5,5,5,5,5,0,5
1628,8,8,8,8,8,8,8
1629,3,3,3,8,3,3,3
1630,3,3,0,0,0,0,0
1631,8,8,8,8,8,8,8
1632,2,10,2,8,2,8,10
1633,8,8,8,8,8,8,8
1634,9,9,9,9,9,9,9
1635,2,2,2,2,2,2,2
1636,3,3,3,0,3,3,3
1637,2,2,2,2,2,2,2
1638,6,6,6,7,6,7,6
1639,2,2,2,5,2,2,5
1640,5,5,5,5,5,5,5
1641,4,4,4,4,4,4,4
1642,5,5,5,5,5,5,5
1643,7,6,8,7,4,8,0
1644,2,3,3,3,0,2,3
1645,3,3,3,3,3,3,3
1646,10,10,10,10,10,10,10
1647,2,2,2,2,2,2,2
1648,2,2,0,0,2,6,0
1649,9,9,9,9,9,9,9
1650,2,8,8,2,8,8,8
1651,4,4,4,4,4,4,4
1652,2,9,1,1,1,1,9
1653,9,8,9,9,9,9,9
1654,5,5,5,5,5,5,5
1655,4,4,4,5,7,7,5
1656,9,9,9,9,9,9,9
1657,8,8,8,8,8,8,8
1658,10,10,2,10,2,10,10
1659,8,8,8,8,8,8,8
1660,10,10,10,10,10,10,10
1661,0,0,0,0,0,0,0
1662,10,10,10,10,10,10,10
1663,1,2,2,1,1,1,1
1664,9,9,9,9,9,9,9
1665,2,10,8,8,8,10,10
1666,1,1,1,1,1,1,1
1667,6,6,6,6,6,6,6
1668,4,4,4,4,4,4,4
1669,1,1,5,1,1,1,8
1670,5,5,5,5,5,5,5
1671,0,3,6,0,0,6,3
1672,5,5,5,5,5,5,5
1673,3,3,3,3,3,3,3
1674,3,3,3,0,3,0,0
1675,2,0,2,2,2,8,2
1676,8,8,8,8,8,8,8
1677,2,0,0,0,0,0,0
1678,10,10,6,7,10,10,10
1679,0,0,0,0,0,0,0
1680,5,5,5,5,5,5,5
1681,3,3,3,1,3,3,3
1682,10,10,10,10,10,10,10
1683,9,9,9,9,9,9,9
1684,8,8,8,8,8,8,8
1685,2,2,2,2,2,2,2
1686,0,3,0,0,3,3,3
1687,1,4,1,2,2,1,1
1688,2,2,2,2,2,2,2
1689,8,8,8,8,8,8,8
1690,2,0,0,0,2,0,0
1691,10,10,10,10,10,10,10
1692,8,8,8,8,8,8,8
1693,5,5,5,5,3,5,5
1694,0,0,0,0,0,0,0
1695,1,1,1,1,1,1,1
1696,5,8,5,5,1,5,0
1697,10,10,10,10,10,10,10
1698,10,2,2,10,2,2,10
1699,5,5,5,5,4,4,5
1700,9,9,9,8,9,2,9
1701,2,5,2,2,2,2,2
1702,5,5,5,5,5,5,5
1703,5,5,5,5,5,5,5
1704,9,9,9,9,2,9,9
1705,5,5,5,5,5,5,5
1706,2,0,0,0,0,0,0
1707,3,3,3,3,3,3,3
1708,2,5,5,5,5,5,5
1709,2,5,5,5,2,5,5
1710,9,9,9,9,9,9,9
1711,1,2,2,8,2,2,2
1712,0,0,0,0,0,0,0
1713,5,5,5,5,5,5,5
1714,4,3,4,3,3,3,3
1715,5,5,5,5,5,2,5
1716,3,3,3,3,3,3,3
1717,4,8,8,8,8,8,8
1718,3,0,3,0,0,0,0
1719,3,3,3,3,3,3,3
1720,10,10,10,10,4,10,10
1721,5,5,5,5,5,5,5
1722,10,10,10,10,10,10,10
1723,9,9,9,9,9,9,9
1724,6,6,6,6,6,6,6
1725,6,6,6,6,6,6,6
1726,10,10,8,10,8,8,10
1727,2,1,1,9,1,1,1
1728,10,5,10,10,10,10,10
1729,10,10,2,10,10,10,10
1730,0,0,3,2,3,2,2
1731,10,10,10,10,10,10,10
1732,8,8,8,8,8,8,8
1733,0,0,0,0,3,0,0
1734,4,4,4,4,4,4,4
1735,5,5,5,5,5,5,5
1736,8,8,8,8,8,8,8
1737,3,3,3,3,3,3,3
1738,9,5,5,5,2,2,9
1739,5,5,5,5,5,5,5
1740,0,0,2,9,0,0,0
1741,3,3,3,3,3,3,3
1742,5,5,5,5,5,5,5
1743,6,6,6,6,6,6,6
1744,2,2,2,2,2,2,2
1745,6,6,6,6,6,6,6
1746,9,9,9,9,9,9,9
1747,8,8,8,8,8,8,8
1748,9,9,9,9,9,9,9
1749,3,0,3,3,3,3,3
1750,4,4,0,4,4,4,4
1751,10,10,10,10,10,10,10
1752,8,8,8,8,8,8,8
1753,10,10,10,10,10,10,10
1754,10,2,2,2,5,8,10
1755,10,8,10,10,10,10,10
1756,8,5,8,8,8,8,8
1757,2,6,6,6,6,6,6
1758,5,5,5,5,5,5,5
1759,9,9,9,9,9,9,9
1760,9,9,9,9,9,9,9
1761,2,2,2,2,2,2,0
1762,7,7,7,7,7,7,7
1763,2,2,2,2,2,10,2
1764,8,8,8,8,8,8,8
1765,8,8,8,10,8,8,8
1766,4,0,0,4,4,0,4
1767,0,2,0,0,3,0,0
1768,5,5,5,5,5,5,5
1769,5,4,0,2,4,4,0
1770,9,9,9,9,9,9,9
1771,3,6,6,6,6,6,6
1772,3,2,3,3,3,3,3
1773,1,2,2,2,1,2,2
1774,10,10,10,10,10,10,10
1775,1,1,1,1,1,1,1
1776,7,7,7,7,7,7,7
1777,5,5,5,5,5,5,5
1778,4,4,4,2,4,4,4
1779,8,8,8,8,8,8,8
1780,5,5,5,5,5,1,5
1781,8,8,8,8,8,8,8
1782,9,9,9,9,9,2,9
1783,6,6,6,6,6,6,6
1784,2,2,2,2,2,2,2
1785,9,9,9,9,9,9,9
1786,5,5,5,5,5,5,5
1787,0,0,0,0,0,0,0
1788,3,3,3,3,3,3,3
1789,9,9,9,9,9,9,9
1790,0,0,0,0,0,0,0
1791,4,4,4,4,4,4,4
1792,2,2,2,2,2,2,2
1793,10,10,10,10,10,10,10
1794,8,8,8,8,8,8,8
1795,5,5,0,0,0,7,0
1796,5,5,3,0,3,9,3
1797,6,6,6,6,4,6,6
1798,7,7,7,7,2,7,7
1799,3,3,3,3,3,3,3
1800,2,2,2,2,2,2,2
1801,9,9,9,9,9,9,9
1802,3,0,0,7,4,3,3
1803,8,8,8,8,8,8,8
1804,2,2,3,2,2,5,5
1805,9,9,9,9,9,9,9
1806,0,2,7,7,7,7,7
1807,5,5,5,5,5,2,5
1808,8,8,8,8,2,8,8
1809,2,2,2,2,2,2,2
1810,2,7,9,2,6,6,6
1811,6,6,6,6,6,6,6
1812,10,10,10,10,10,10,10
1813,4,4,4,4,4,4,4
1814,2,0,0,2,2,0,0
1815,3,3,3,3,3,3,3
1816,10,10,10,10,10,10,10
1817,3,3,3,3,3,3,3
1818,7,7,7,7,7,7,7
1819,2,2,2,9,9,2,2
1820,2,2,2,2,2,2,2
1821,1,1,1,5,1,1,1
1822,8,8,8,8,8,8,8
1823,5,5,5,5,5,2,5
1824,3,3,3,3,3,3,3
1825,2,2,2,2,2,2,2
1826,7,7,7,7,7,7,7
1827,2,2,2,2,2,2,2
1828,6,6,6,6,6,6,6
1829,2,2,2,2,2,2,2
1830,3,3,3,3,3,3,3
1831,2,0,2,9,2,2,0
1832,9,9,9,9,9,9,9
1833,5,5,5,5,5,5,5
1834,8,8,8,8,8,8,8
1835,4,4,4,4,4,4,4
1836,10,10,2,10,10,10,10
1837,8,8,8,8,8,8,8
1838,8,0,0,2,0,0,0
1839,9,9,9,9,9,9,9
1840,2,2,2,5,2,10,10
1841,5,0,0,0,0,0,0
1842,8,8,8,8,8,8,8
1843,8,8,8,8,8,8,4
1844,5,5,5,5,5,5,5
1845,9,9,9,9,9,9,9
1846,2,6,1,6,2,6,6
1847,10,10,10,10,10,10,10
1848,2,2,5,5,2,2,5
1849,1,1,1,1,1,1,1
1850,5,2,9,5,5,5,5
1851,1,1,1,1,1,1,1
1852,4,2,3,8,4,4,4
1853,8,8,8,8,8,8,8
1854,6,6,6,6,6,6,6
1855,5,5,5,5,5,5,5
1856,2,2,3,2,3,3,2
1857,6,6,6,6,6,6,6
1858,9,9,9,9,9,9,9
1859,5,5,5,5,5,2,5
1860,5,5,5,5,5,5,5
1861,2,2,2,2,2,2,2
1862,3,3,3,3,3,3,3
1863,3,3,3,3,3,3,3
1864,3,0,0,3,3,3,3
1865,3,3,3,3,3,3,3
1866,3,3,3,3,3,3,3
1867,5,5,5,5,5,5,5
1868,0,0,0,0,4,0,0
1869,2,4,2,4,4,2,4
1870,3,3,3,3,3,3,3
1871,2,8,2,8,8,1,8
1872,10,3,4,10,4,2,4
1873,2,2,2,2,8,2,2
1874,9,9,9,9,9,9,9
1875,2,2,2,0,2,2,0
1876,3,0,0,0,0,0,0
1877,0,0,0,0,0,0,0
1878,3,3,3,0,3,3,3
1879,2,2,2,2,2,2,2
1880,2,2,5,5,5,5,5
1881,1,1,1,1,1,1,1
1882,8,8,8,8,8,8,8
1883,8,0,5,0,0,8,8
1884,3,3,3,3,3,3,0
1885,0,0,0,0,0,0,0
1886,2,0,5,5,2,0,4
1887,0,0,0,0,0,0,0
1888,9,9,9,9,9,9,9
1889,7,7,7,7,7,7,7
1890,5,5,0,0,5,0,0
1891,9,9,9,9,9,9,9
1892,6,6,6,9,9,6,6
1893,5,5,5,5,5,5,5
1894,3,3,3,3,3,3,3
1895,2,5,0,0,2,0,5
1896,9,9,9,9,9,9,9
1897,0,5,5,5,5,5,5
1898,3,3,3,3,3,3,3
1899,9,9,9,9,9,9,9
1900,5,5,5,5,5,2,5
1901,2,2,2,2,2,2,2
1902,0,5,0,8,2,0,5
1903,0,0,0,0,0,0,0
1904,9,9,9,9,9,9,9
1905,7,7,7,7,7,7,7
1906,10,10,10,10,10,10,8
1907,4,4,4,4,4,4,4
1908,2,4,2,2,2,2,4
1909,9,9,9,9,9,9,9
1910,9,9,9,9,9,9,9
1911,0,5,5,5,5,5,5
1912,10,10,10,10,10,10,10
1913,3,3,3,3,3,3,3
1914,0,0,0,0,0,0,0
1915,4,4,4,4,4,4,4
1916,3,3,3,3,3,3,3
1917,8,8,8,9,4,8,4
1918,2,3,0,0,0,0,0
1919,3,3,3,3,3,3,3
1920,9,9,9,9,9,9,9
1921,8,8,8,8,8,8,8
1922,5,5,5,5,5,5,5
1923,4,4,4,4,4,4,4
1924,8,4,8,5,1,1,0
1925,6,6,6,6,6,6,6
1926,0,8,8,8,8,8,8
1927,0,2,0,0,0,0,0
1928,9,9,9,9,9,9,9
1929,5,5,5,5,5,5,5
1930,3,0,7,3,2,2,2
1931,5,5,5,5,5,5,0
1932,9,9,9,9,9,9,9
1933,6,6,6,6,6,6,6
1934,9,9,9,9,9,9,9
1935,2,2,2,2,2,2,2
1936,7,7,7,7,7,7,7
1937,3,3,3,8,3,3,3
1938,8,8,8,8,8,8,8
1939,8,8,8,8,8,8,8
1940,6,6,6,6,6,6,6
1941,3,3,8,8,8,8,9
1942,2,2,2,2,2,2,2
1943,9,9,0,9,0,0,9
1944,10,10,10,10,10,10,10
1945,8,8,2,2,2,2,2
1946,8,8,8,8,8,8,8
1947,4,4,4,4,4,4,4
1948,2,0,0,0,0,0,0
1949,7,7,7,7,7,7,7
1950,0,0,0,0,3,0,0
1951,5,5,5,0,5,5,5
1952,5,5,5,4,4,4,5
1953,5,5,5,5,5,5,5
1954,3,3,3,3,3,3,3
1955,10,10,10,10,10,8,10
1956,5,5,5,5,5,5,5
1957,4,4,4,4,4,4,4
1958,8,8,8,8,8,8,8
1959,8,8,8,8,8,8,8
1960,4,4,4,4,4,4,4
1961,7,7,7,7,7,7,7
1962,2,2,2,2,2,2,2
1963,3,3,3,3,3,3,3
1964,3,3,2,8,4,3,3
1965,6,6,6,6,6,6,6
1966,5,5,5,5,5,5,5
1967,0,0,0,0,0,0,0
1968,0,0,0,0,0,0,0
1969,9,9,9,9,9,9,9
1970,5,5,5,5,5,5,5
1971,4,4,4,4,4,2,4
1972,4,4,4,4,4,4,4
1973,3,3,3,3,3,3,3
1974,5,0,2,5,2,9,2
1975,8,8,8,8,8,8,8
1976,10,10,10,10,10,10,10
1977,3,4,8,8,8,8,8
1978,9,9,9,9,9,9,9
1979,5,0,0,0,3,1,0
1980,2,2,2,2,2,2,2
1981,2,2,2,2,2,2,2
1982,0,0,0,0,0,0,0
1983,2,2,9,2,2,2,9
1984,0,0,0,0,0,0,0
1985,10,6,6,6,6,6,6
1986,2,2,2,2,1,2,5
1987,0,0,0,0,0,0,0
1988,10,10,10,10,10,10,10
1989,5,5,5,5,5,5,5
1990,10,10,10,10,10,10,10
1991,0,0,0,0,0,0,0
1992,5,5,5,5,5,5,5
1993,5,5,5,5,5,5,5
1994,4,4,4,4,4,4,4
1995,4,4,4,4,4,4,4
1996,9,9,9,9,9,9,9
1997,9,4,4,9,9,4,9
1998,1,1,1,1,1,1,1
1999,5,5,5,5,5,5,5
2000,7,7,7,7,7,7,7
2001,5,5,3,1,1,1,1
2002,5,5,5,5,5,5,5
2003,9,9,9,9,9,9,9
2004,7,5,5,5,5,7,2
2005,0,0,0,0,0,0,0
2006,3,3,3,3,3,3,3
2007,0,0,0,0,0,0,0
2008,2,2,2,2,2,2,2
2009,9,9,9,9,9,9,9
2010,9,9,9,2,9,9,9
2011,3,3,3,3,3,3,3
2012,4,4,4,4,4,4,4
2013,0,0,0,0,0,0,0
2014,6,6,6,6,6,6,9
2015,5,5,5,5,5,5,5
2016,0,3,0,5,0,5,5
2017,5,5,5,5,5,5,5
2018,6,6,6,6,6,6,6
2019,3,3,3,3,3,3,3
2020,2,2,2,1,2,2,2
2021,5,5,5,5,5,5,5
2022,6,4,6,6,6,6,6
2023,2,2,9,2,2,2,2
2024,2,2,2,2,2,2,2
2025,5,5,5,5,5,5,5
2026,0,3,0,0,0,0,0
2027,10,10,10,10,10,10,10
2028,2,0,9,9,9,9,0
2029,5,5,5,5,5,5,5
2030,4,0,9,9,4,4,9
2031,10,2,2,2,8,2,10
2032,2,2,2,2,2,2,3
2033,5,5,5,5,5,5,5
2034,2,2,8,8,8,8,0
2035,8,8,8,8,8,8,8
2036,5,5,5,5,5,5,5
2037,6,6,6,6,6,6,6
2038,7,3,6,6,6,6,6
2039,10,10,10,10,10,10,10
2040,0,0,0,0,0,0,0
2041,9,9,9,9,9,9,9
2042,8,8,8,8,8,8,8
2043,2,2,2,2,2,2,2
2044,9,9,9,9,9,9,9
2045,9,9,9,9,9,9,9
2046,9,9,5,9,9,9,9
2047,8,8,8,8,8,8,8
2048,5,5,5,5,5,5,5
2049,0,0,0,0,0,0,0
2050,2,2,2,2,2,2,1
2051,6,6,6,6,6,6,6
2052,2,5,5,5,2,2,2
2053,8,8,8,8,8,8,8
2054,0,8,8,8,8,8,0
2055,2,5,2,1,9,9,9
2056,5,5,5,5,5,5,5
2057,9,9,9,9,9,9,9
2058,3,4,0,0,7,4,0
2059,3,3,4,3,3,3,0
2060,0,2,0,0,0,2,0
2061,1,1,2,2,2,1,1
2062,3,3,3,3,1,1,3
2063,0,0,0,0,0,0,0
2064,10,10,10,10,10,10,10
2065,2,2,2,2,0,2,2
2066,1,2,0,8,1,2,1
2067,2,2,2,2,2,2,2
2068,5,5,5,5,4,5,5
2069,2,2,2,2,2,3,2
2070,9,9,9,9,9,9,9
2071,7,7,7,7,7,7,7
2072,5,5,5,5,5,5,5
2073,10,10,10,10,10,10,10
2074,7,7,7,7,7,7,7
2075,9,9,9,9,9,9,9
2076,6,6,6,6,6,6,6
2077,5,4,5,5,5,9,5
2078,1,2,2,2,2,2,2
2079,8,8,8,8,8,8,8
2080,8,10,10,10,10,10,10
2081,0,0,0,0,0,0,0
2082,9,9,9,9,9,9,9
2083,8,8,8,8,8,8,8
2084,0,0,0,0,0,0,0
2085,5,5,5,5,5,5,5
2086,8,2,2,8,2,2,2
2087,2,2,2,0,2,2,2
2088,10,10,10,10,10,10,10
2089,9,9,9,9,9,9,9
2090,7,7,7,7,7,6,6
2091,5,5,2,2,2,2,2
2092,4,4,4,4,4,4,4
2093,2,2,2,2,2,2,2
2094,10,10,10,10,10,10,10
2095,2,2,2,2,3,2,2
2096,9,9,9,9,9,9,9
2097,5,5,5,5,5,5,5
2098,1,1,1,1,1,1,2
2099,10,10,10,10,10,10,10
2100,4,4,7,2,4,2,5
2101,0,0,2,0,0,2,0
2102,8,8,8,8,8,8,8
2103,8,8,8,8,8,8,8
2104,1,4,2,8,4,4,8
2105,0,9,9,9,7,9,6
2106,9,9,9,9,9,9,9
2107,9,9,9,9,9,9,9
2108,10,10,10,10,10,10,10
2109,3,3,3,3,3,3,3
2110,9,9,9,9,9,9,9
2111,6,6,6,6,6,6,6
2112,8,8,8,8,8,8,8
2113,8,8,8,8,8,8,0
2114,5,5,5,5,5,5,5
2115,9,9,9,9,9,9,9
2116,0,0,0,0,3,0,0
2117,2,2,2,2,2,2,2
2118,9,9,9,9,9,9,9
2119,8,8,2,8,8,1,10
2120,6,6,6,6,6,6,6
2121,5,5,5,5,5,5,5
2122,4,4,9,5,4,5,9
2123,4,4,4,0,2,4,3
2124,3,0,3,2,2,2,4
2125,2,9,2,2,2,2,0
2126,4,4,4,4,4,4,4
2127,2,2,2,2,2,2,2
2128,9,7,7,7,7,9,7
2129,6,6,6,6,6,6,6
2130,2,6,0,0,0,0,0
2131,8,3,3,3,3,8,3
2132,8,8,8,8,8,8,8
2133,5,5,5,5,5,5,5
2134,5,8,8,8,8,5,8
2135,4,4,4,4,4,4,4
2136,0,0,0,0,0,0,0
2137,0,4,1,4,4,1,4
2138,9,9,9,9,3,9,9
2139,9,9,9,9,9,9,9
2140,2,2,2,2,2,2,2
2141,2,2,2,2,2,2,4
2142,2,2,2,2,2,2,2
2143,5,5,5,4,5,5,4
2144,5,5,5,5,5,5,5
2145,0,0,0,4,0,0,0
2146,2,2,2,2,2,2,2
2147,9,9,9,9,9,9,9
2148,10,8,8,8,8,8,8
2149,9,9,9,9,9,9,9
2150,2,0,0,2,2,2,2
2151,5,5,5,5,5,5,5
2152,3,3,3,3,3,3,3
2153,2,8,2,8,2,2,2
2154,8,8,2,2,2,2,2
2155,4,4,0,0,3,0,0
2156,9,9,9,9,9,9,9
2157,3,3,3,3,3,3,3
2158,4,4,4,4,4,4,4
2159,4,4,5,2,4,4,4
2160,3,3,3,3,3,3,3
2161,2,5,5,5,5,2,2
2162,5,5,5,5,5,5,5
2163,6,6,6,6,6,6,6
2164,5,5,5,5,5,5,5
2165,2,2,2,2,2,2,2
2166,3,3,3,3,3,3,3
2167,2,2,2,0,2,0,2
2168,2,2,2,2,2,2,2
2169,9,9,9,9,9,9,9
2170,5,8,8,8,8,8,8
2171,6,6,6,6,6,6,6
2172,0,0,0,0,7,0,0
2173,10,10,10,10,10,10,10
2174,9,8,9,9,9,9,9
2175,7,7,7,7,7,7,7
2176,6,6,6,6,6,6,6
2177,0,0,0,0,0,0,0
2178,9,9,9,9,9,9,9
2179,8,2,5,0,2,2,5
2180,5,5,5,5,5,5,5
2181,2,4,0,2,2,2,4
2182,9,9,9,9,9,9,9
2183,5,5,5,5,5,5,5
2184,0,2,5,0,5,0,0
2185,5,5,5,5,5,2,5
2186,3,0,3,0,0,0,0
2187,10,10,10,10,10,10,10
2188,2,2,9,9,9,9,2
2189,4,4,3,3,3,3,3
2190,9,9,9,9,9,9,9
2191,9,9,6,9,9,9,9
2192,8,8,8,8,4,8,4
2193,5,2,2,2,2,2,2
2194,2,2,2,2,2,2,2
2195,2,2,2,2,2,2,2
2196,9,9,9,9,9,9,9
2197,8,2,9,2,2,2,8
2198,2,4,2,2,2,2,2
2199,6,6,6,6,6,6,6
2200,0,5,2,2,2,2,2
2201,5,5,5,5,5,2,5
2202,0,0,3,0,0,0,0
2203,2,2,2,1,1,2,2
2204,5,5,5,5,5,5,5
2205,1,1,1,1,1,1,1
2206,5,5,5,5,5,5,5
2207,4,4,4,4,4,4,4
2208,3,3,3,3,3,3,3
2209,9,9,9,9,9,9,9
2210,7,7,7,7,7,7,7
2211,8,8,8,8,8,8,8
2212,10,10,10,10,10,10,10
2213,8,8,8,8,8,8,8
2214,0,0,2,0,0,2,2
2215,2,2,2,2,2,2,2
2216,8,8,8,8,8,8,8
2217,9,8,8,8,8,8,8
2218,2,2,2,2,2,2,2
2219,9,9,9,9,9,9,9
2220,9,9,9,9,9,9,9
2221,5,5,5,5,5,5,5
2222,3,3,3,3,3,3,3
2223,3,3,3,3,3,3,3
2224,0,0,9,0,0,0,0
2225,8,0,3,0,3,3,3
2226,10,10,10,10,10,10,10
2227,10,10,10,10,10,10,10
2228,2,9,8,2,2,9,2
2229,7,7,7,7,7,7,7
2230,5,5,5,5,5,5,5
2231,6,6,6,6,6,6,6
2232,5,5,5,5,5,5,5
2233,3,3,3,0,3,3,3
2234,3,3,3,3,3,3,3
2235,6,6,6,6,6,6,6
2236,3,3,3,3,3,3,3
2237,9,9,9,9,9,9,9
2238,6,6,6,6,6,6,6
2239,8,8,8,8,8,8,8
2240,5,5,5,5,5,5,5
2241,5,2,2,2,2,2,2
2242,2,8,2,2,2,2,2
2243,5,5,0,5,5,8,5
2244,9,9,9,9,9,9,9
2245,9,9,9,9,9,9,9
2246,0,0,0,0,0,0,0
2247,2,5,2,5,2,2,2
2248,6,6,6,6,6,6,6
2249,0,0,0,0,0,0,0
2250,9,9,9,9,9,9,9
2251,0,4,4,4,4,4,4
2252,5,5,5,5,5,2,5
2253,0,0,0,0,0,0,0
2254,8,8,8,8,8,8,8
2255,3,3,3,3,3,3,3
2256,8,4,8,8,4,2,4
2257,9,9,9,9,9,9,9
2258,2,8,2,8,2,2,8
2259,9,9,9,9,9,9,9
2260,0,0,0,0,0,0,0
2261,10,10,10,10,10,2,10
2262,8,8,8,8,8,8,8
2263,0,5,5,0,5,9,4
2264,7,7,7,7,7,7,0
2265,0,0,0,0,0,0,0
2266,4,4,4,4,4,4,4
2267,1,2,2,2,2,2,1
2268,10,10,10,10,10,10,10
2269,3,4,4,4,4,4,0
2270,4,4,4,4,4,4,4
2271,10,10,10,10,10,10,10
2272,8,8,8,8,8,8,8
2273,1,1,2,2,2,1,1
2274,3,3,3,3,3,3,3
2275,3,3,3,3,3,3,3
2276,4,5,4,5,4,4,4
2277,5,5,5,5,5,5,5
2278,2,2,2,2,2,2,2
2279,10,10,10,10,10,10,10
2280,1,1,2,1,4,1,1
2281,2,2,2,8,2,2,2
2282,9,9,9,9,9,9,9
2283,9,9,9,9,9,9,9
2284,9,9,9,9,9,9,9
2285,3,3,3,3,3,3,3
2286,2,2,1,1,2,2,2
2287,5,5,8,5,5,5,5
2288,9,9,9,9,9,9,9
2289,8,8,2,8,2,2,8
2290,0,0,0,0,0,0,0
2291,9,7,9,9,9,9,9
2292,0,0,0,0,3,0,0
2293,9,9,9,9,9,9,9
2294,3,0,3,3,3,3,3
2295,3,3,3,3,3,3,3
2296,0,0,0,0,3,0,0
2297,3,3,6,5,3,3,3
2298,9,9,9,2,9,9,9
2299,4,5,5,5,5,0,5
2300,4,4,4,4,4,4,4
2301,5,5,5,5,5,5,5
2302,10,10,10,10,8,10,10
2303,7,7,7,7,7,7,7
2304,2,2,2,2,2,2,2
2305,7,7,7,7,7,7,7
2306,3,3,3,3,3,3,3
2307,8,8,8,8,8,8,8
2308,10,10,10,10,10,10,10
2309,5,5,5,5,5,5,5
2310,9,4,4,4,4,4,4
2311,5,5,5,5,5,5,5
2312,0,0,0,4,4,0,0
2313,8,8,8,8,8,8,8
2314,4,4,4,4,4,4,4
2315,9,9,9,9,9,9,9
2316,3,3,3,3,3,3,3
2317,5,5,5,5,2,5,5
2318,3,3,3,3,3,3,3
2319,2,2,2,2,2,2,2
2320,2,0,2,9,2,9,9
2321,3,3,3,3,3,3,3
2322,1,1,2,2,1,2,10
2323,4,4,4,4,4,4,4
2324,9,9,9,9,9,9,9
2325,0,0,0,0,0,0,0
2326,2,2,2,2,2,2,2
2327,9,9,9,9,9,9,9
2328,5,5,5,5,4,5,5
2329,0,0,0,2,0,0,0
2330,9,9,9,9,9,9,9
2331,0,0,0,0,0,1,0
2332,5,5,8,8,8,5,0
2333,4,4,0,4,4,4,4
2334,10,10,10,10,10,10,10
2335,5,5,5,5,5,5,5
2336,2,0,0,0,0,2,0
2337,4,4,4,4,4,4,4
2338,5,5,5,5,5,5,5
2339,2,2,2,2,2,2,2
2340,3,3,3,3,3,3,3
2341,8,8,8,8,8,8,8
2342,7,7,7,7,7,7,7
2343,9,9,9,9,9,9,9
2344,9,8,8,9,9,9,9
2345,9,9,9,9,9,9,9
2346,4,4,4,4,4,4,4
2347,9,9,9,9,9,9,9
2348,0,0,0,4,0,0,0
2349,9,2,2,2,2,2,2
2350,4,4,4,4,4,4,4
2351,8,8,8,8,8,8,8
2352,2,2,2,2,2,2,2
2353,2,8,8,8,8,9,2
2354,2,2,2,2,2,2,2
2355,0,5,5,0,5,0,0
2356,0,0,0,8,8,8,0
2357,4,4,2,4,4,4,4
2358,8,8,8,8,8,8,8
2359,4,4,4,4,4,4,4
2360,9,9,9,9,9,9,9
2361,9,9,9,9,9,9,9
2362,0,0,0,0,3,0,3
2363,9,2,2,2,2,2,2
2364,3,3,3,3,3,3,3
2365,8,5,8,5,8,2,5
2366,5,10,10,10,10,5,10
2367,1,1,1,1,1,1,1
2368,5,5,5,3,5,5,5
2369,8,8,8,8,8,8,8
2370,6,6,6,6,6,6,6
2371,3,9,9,9,9,9,9
2372,2,2,2,2,2,2,2
2373,2,2,2,2,2,7,2
2374,5,5,5,5,5,5,5
2375,0,0,0,3,3,3,0
2376,8,8,8,8,8,8,8
2377,1,1,1,1,1,1,1
2378,3,3,3,3,3,3,3
2379,6,6,6,6,6,6,6
2380,4,4,4,4,4,4,4
2381,10,7,7,7,10,7,10
2382,6,6,6,6,6,6,6
2383,3,3,3,3,3,3,3
2384,5,5,5,5,5,5,5
2385,2,1,1,1,9,2,2
2386,10,10,10,10,10,10,10
2387,0,0,0,0,0,0,0
2388,9,9,9,9,9,9,9
2389,0,0,0,0,0,0,0
2390,5,5,5,8,8,8,5
2391,4,4,4,4,3,4,4
2392,3,3,4,0,4,3,4
2393,10,10,10,10,10,10,10
2394,1,1,1,1,1,1,4
2395,2,2,1,2,2,1,1
2396,4,4,4,4,4,4,4
2397,8,8,0,8,8,2,0
2398,6,6,6,6,6,6,6
2399,2,2,3,2,3,0,2
2400,9,9,9,9,9,9,9
2401,4,4,5,4,4,4,4
2402,4,4,4,4,4,4,4
2403,4,4,4,4,4,4,4
2404,2,2,2,2,2,2,2
2405,6,6,6,6,6,6,6
2406,10,10,10,10,10,10,10
2407,9,9,9,9,9,9,9
2408,3,3,3,3,3,3,3
2409,2,4,1,2,4,2,2
2410,5,5,5,5,5,5,5
2411,5,5,5,5,5,5,5
2412,5,5,5,5,5,5,5
2413,9,10,9,9,9,9,10
2414,5,5,5,5,5,5,5
2415,5,5,5,5,5,5,5
2416,2,2,0,2,5,5,2
2417,0,0,0,0,0,0,0
2418,3,4,2,2,2,3,9
2419,5,5,5,5,5,5,5
2420,2,2,9,9,6,9,6
2421,5,5,5,5,5,5,5
2422,5,5,0,0,0,0,0
2423,9,9,9,9,9,9,9
2424,4,4,4,4,4,4,4
2425,3,2,2,1,2,1,1
2426,2,2,2,2,2,2,2
2427,2,5,8,5,5,2,2
2428,5,5,5,5,5,5,5
2429,8,8,8,8,8,8,8
2430,9,9,9,9,9,9,9
2431,9,9,9,9,9,9,9
2432,3,3,5,3,2,2,3
2433,2,5,2,2,2,2,2
2434,5,0,0,1,1,1,0
2435,3,3,3,0,3,3,3
2436,4,4,4,4,4,4,4
2437,9,9,9,9,9,9,9
2438,9,3,9,9,9,9,9
2439,0,0,0,0,0,0,0
2440,9,9,9,9,9,9,9
2441,8,2,8,2,9,8,8
2442,10,10,10,10,10,10,10
2443,5,5,5,5,5,5,5
2444,5,5,5,5,5,5,5
2445,2,2,2,2,2,2,2
2446,6,6,6,6,6,6,6
2447,8,8,8,8,8,8,8
2448,5,5,5,5,5,5,5
2449,2,10,10,1,1,10,3
2450,2,2,2,2,2,2,3
2451,2,8,8,8,8,8,8
2452,9,9,9,9,9,9,9
2453,5,5,5,4,4,5,4
2454,6,6,6,6,6,6,6
2455,2,2,2,2,2,2,2
2456,3,3,3,3,3,3,3
2457,9,9,9,9,9,9,9
2458,8,8,8,8,8,8,8
2459,5,5,5,5,2,2,5
2460,2,2,5,5,4,5,0
2461,6,6,6,6,6,6,6
2462,8,8,8,8,8,8,8
2463,2,2,2,2,2,2,2
2464,6,6,6,6,6,6,6
2465,4,4,4,4,4,4,4
2466,2,0,0,0,0,2,4
2467,10,10,10,10,10,10,10
2468,8,8,8,8,8,8,8
2469,3,3,3,3,3,3,3
2470,6,6,6,6,6,6,6
2471,2,0,9,9,9,9,0
2472,4,4,4,8,4,4,4
2473,9,9,9,9,9,9,9
2474,0,0,0,0,0,0,0
2475,9,0,9,9,9,2,9
2476,4,4,4,3,4,4,4
2477,8,8,8,8,8,8,8
2478,3,3,3,3,3,3,3
2479,9,9,9,9,9,9,9
2480,0,5,0,3,0,0,0
2481,5,5,5,5,5,5,5
2482,4,4,4,4,4,4,4
2483,9,9,9,9,9,9,9
2484,5,5,5,5,5,5,2
2485,2,4,4,4,4,0,4
2486,2,2,2,2,2,2,2
2487,0,0,0,0,0,0,0
2488,6,6,6,6,6,6,6
2489,9,9,9,9,9,9,9
2490,0,0,0,0,0,0,0
2491,6,6,6,6,6,6,6
2492,8,8,8,8,8,8,8
2493,2,0,2,2,2,2,0
2494,8,8,8,8,8,8,8
2495,9,9,9,9,9,9,9
2496,4,4,4,4,4,4,4
2497,2,2,2,2,2,2,0
2498,2,2,2,2,2,2,2
2499,3,3,3,3,3,3,3
2500,9,9,9,9,9,9,9
2501,4,2,4,2,2,2,4
2502,9,9,9,2,9,9,9
2503,0,0,0,0,2,0,0
2504,3,3,3,3,3,3,3
2505,0,0,5,0,5,5,0
2506,5,5,5,5,5,5,5
2507,5,5,5,5,5,5,4
2508,5,5,5,1,5,5,5
2509,1,1,1,1,1,1,1
2510,8,8,8,8,8,8,8
2511,9,9,9,9,9,9,9
2512,9,9,9,9,9,9,9
2513,9,9,9,9,9,9,9
2514,0,0,0,0,0,0,0
2515,0,0,0,0,0,0,0
2516,9,9,9,9,9,9,9
2517,1,1,1,1,1,1,1
2518,8,8,8,8,8,8,8
2519,7,7,7,7,7,7,7
2520,3,8,8,3,4,4,0
2521,0,7,2,7,7,7,9
2522,3,3,3,3,3,3,3
2523,9,5,2,9,9,9,9
2524,2,2,2,2,2,2,2
2525,10,10,10,10,10,10,10
2526,5,2,5,5,5,2,2
2527,2,2,2,2,2,2,2
2528,8,8,8,8,8,8,8
2529,4,4,4,4,4,4,4
2530,8,8,8,8,8,8,8
2531,8,2,8,2,2,2,2
2532,7,5,5,5,3,2,5
2533,4,4,4,4,4,4,4
2534,3,3,3,3,3,3,3
2535,9,9,0,0,1,1,9
2536,10,10,3,10,10,10,10
2537,2,9,3,6,3,2,2
2538,3,3,0,3,3,3,3
2539,3,3,3,3,3,2,3
2540,4,4,4,4,4,4,4
2541,0,0,0,0,0,0,0
2542,0,5,0,5,0,0,5
2543,2,2,2,2,2,2,2
2544,5,2,5,5,2,2,2
2545,5,9,9,5,9,9,9
2546,2,4,4,1,2,1,4
2547,6,6,6,6,6,6,6
2548,0,0,0,0,0,0,0
2549,9,9,9,9,9,9,9
2550,8,8,8,8,8,8,8
2551,10,10,10,10,10,10,10
2552,5,5,5,5,5,5,5
2553,2,2,2,2,2,2,2
2554,10,4,4,4,4,4,4
2555,3,3,3,3,3,3,3
2556,0,0,0,0,0,0,0
2557,10,10,10,10,10,10,10
2558,0,0,0,0,0,2,0
2559,9,9,9,9,9,9,9
2560,2,8,9,9,9,9,9
2561,1,1,1,1,1,1,1
2562,2,2,2,2,2,2,2
2563,9,9,9,9,9,9,9
2564,7,7,7,7,7,7,7
2565,9,9,9,9,9,9,9
2566,0,0,0,0,0,0,0
2567,9,9,9,9,9,9,9
2568,3,0,3,0,3,3,3
2569,8,8,8,8,8,8,9
2570,4,4,4,4,4,4,4
2571,2,2,2,2,2,2,2
2572,2,2,2,2,2,2,2
2573,9,9,9,9,9,9,9
2574,2,2,2,2,2,2,2
2575,3,3,3,3,3,3,3
2576,10,10,10,10,10,10,10
2577,2,3,3,4,3,2,2
2578,8,0,0,0,0,0,0
2579,4,0,0,4,3,4,4
2580,9,0,9,7,7,7,0
2581,5,5,5,5,5,5,5
2582,4,4,4,4,4,4,4
2583,2,2,2,2,2,2,2
2584,8,8,8,8,8,8,8
2585,0,8,2,2,0,1,0
2586,3,3,3,3,3,3,3
2587,2,2,2,4,4,2,2
2588,10,10,10,10,10,10,10
2589,9,9,9,9,9,9,9
2590,2,3,0,5,3,5,5
2591,1,1,1,3,1,1,3
2592,0,0,0,0,3,3,3
2593,4,4,4,4,4,4,4
2594,0,0,2,0,0,0,0
2595,2,2,2,2,2,2,2
2596,5,0,5,5,5,5,5
2597,9,9,9,9,9,9,9
2598,10,10,8,10,10,10,10
2599,9,9,9,9,9,9,9
2600,1,1,2,2,2,2,4
2601,9,9,9,9,9,9,9
2602,4,4,4,4,4,2,4
2603,7,7,7,7,7,7,7
2604,8,8,3,8,3,8,3
2605,4,4,4,4,4,4,4
2606,4,8,8,2,8,2,8
2607,9,9,9,9,9,9,9
2608,8,0,8,8,8,8,0
2609,5,8,5,8,8,8,8
2610,4,4,0,0,4,4,0
2611,1,1,1,1,1,1,1
2612,3,3,0,3,3,3,3
2613,5,5,5,5,5,8,5
2614,0,0,0,0,0,0,0
2615,5,5,5,5,5,5,5
2616,9,9,9,9,9,9,9
2617,9,9,9,9,9,9,9
2618,2,2,2,2,2,2,2
2619,4,4,4,4,4,4,4
2620,5,5,5,5,5,5,5
2621,1,1,1,1,1,1,1
2622,0,4,3,4,3,3,3
2623,5,5,5,5,5,5,5
2624,4,4,4,4,4,4,4
2625,9,9,9,9,9,9,9
2626,8,8,2,2,8,1,8
2627,8,8,8,8,8,8,8
2628,1,1,1,1,1,9,9
2629,2,2,2,2,2,2,2
2630,9,9,9,9,9,9,9
2631,10,10,10,10,10,10,10
2632,8,8,8,8,8,8,8
2633,0,0,0,0,0,0,0
2634,0,1,0,3,0,3,3
2635,0,0,3,0,0,0,0
2636,3,9,3,9,3,9,9
2637,7,0,0,0,0,0,0
2638,5,5,5,5,5,5,5
2639,3,0,0,0,0,0,0
2640,7,7,7,7,7,7,7
2641,5,5,5,5,5,5,5
2642,3,3,3,8,3,3,3
2643,3,3,3,3,3,3,3
2644,8,4,4,4,4,4,4
2645,0,0,0,9,0,9,0
2646,4,4,4,4,4,4,4
2647,0,0,3,4,3,0,0
2648,9,9,9,9,9,9,9
2649,7,7,7,7,7,7,7
2650,10,10,10,10,10,10,10
2651,3,3,3,3,3,3,3
2652,7,7,9,9,7,9,9
2653,2,1,5,2,2,0,2
2654,2,2,2,2,2,2,2
2655,6,6,6,6,6,6,6
2656,5,5,5,5,5,5,5
2657,4,4,4,4,4,4,4
2658,9,9,9,9,9,9,9
2659,2,2,2,2,2,2,2
2660,3,3,3,3,3,3,3
2661,0,0,0,0,0,0,0
2662,0,3,0,0,0,0,0
2663,0,0,3,0,3,0,0
2664,8,8,8,10,8,8,8
2665,0,7,0,7,0,7,0
2666,9,2,2,9,3,2,3
2667,4,4,4,4,4,4,4
2668,9,2,9,4,9,2,2
2669,5,5,5,5,5,5,5
2670,2,2,2,2,2,2,2
2671,1,1,1,1,1,1,1
2672,0,4,0,0,4,0,4
2673,9,9,9,9,9,9,9
2674,3,3,3,3,3,3,3
2675,5,5,5,5,5,5,5
2676,4,4,4,4,4,4,4
2677,10,10,10,10,10,10,10
2678,3,3,3,9,3,3,3
2679,4,4,4,4,4,4,5
2680,4,4,4,4,4,4,4
2681,3,3,3,3,3,3,3
2682,6,6,6,6,6,6,6
2683,8,8,8,8,8,8,8
2684,0,0,0,0,0,0,0
2685,0,4,4,4,4,4,4
2686,8,8,10,8,8,8,10
2687,4,4,4,4,4,4,4
2688,10,10,10,10,10,10,10
2689,3,2,2,2,2,2,3
2690,2,2,2,2,2,2,2
2691,3,3,3,3,3,3,3
2692,3,3,3,3,3,3,3
2693,5,4,5,5,5,5,5
2694,3,3,3,3,3,3,3
2695,5,5,5,5,5,5,5
2696,5,5,5,5,5,5,5
2697,3,3,3,3,3,3,3
2698,5,9,9,9,7,9,9
2699,2,2,2,2,2,1,2
2700,4,4,4,4,4,4,4
2701,8,8,8,8,8,8,8
2702,9,9,9,9,9,9,9
2703,9,9,9,9,9,9,9
2704,3,3,3,8,8,3,3
2705,0,0,0,0,0,0,0
2706,5,2,2,2,2,2,2
2707,2,2,2,2,2,2,2
2708,9,8,8,9,8,8,8
2709,3,3,3,3,3,3,3
2710,2,10,5,2,4,0,0
2711,9,9,9,9,9,9,9
2712,10,10,9,10,5,9,10
2713,9,9,9,9,9,9,9
2714,5,5,5,5,5,5,5
2715,0,4,4,2,4,4,4
2716,6,6,6,6,6,6,6
2717,2,0,2,2,2,2,2
2718,2,4,2,1,9,2,9
2719,2,0,9,2,2,0,4
2720,3,3,3,3,3,3,3
2721,2,2,2,5,5,2,2
2722,2,2,2,2,2,2,2
2723,2,2,2,2,2,2,2
2724,2,2,2,2,2,2,2
2725,9,9,9,9,9,9,9
2726,5,5,5,5,5,5,5
2727,4,5,5,5,5,5,5
2728,5,5,5,5,5,5,5
2729,2,0,3,0,0,0,0
2730,3,3,3,3,3,3,3
2731,2,2,2,2,2,2,2
2732,3,3,3,3,3,3,3
2733,3,10,3,0,0,0,0
2734,5,5,5,5,5,5,5
2735,4,4,4,4,4,4,4
2736,2,2,2,2,2,2,2
2737,5,5,5,5,5,2,5
2738,9,9,9,9,9,9,9
2739,0,0,0,0,0,0,0
2740,3,3,0,0,3,3,3
2741,8,2,2,2,2,2,2
2742,0,0,0,0,0,0,0
2743,8,5,8,8,8,8,8
2744,5,2,5,2,2,2,2
2745,2,2,2,2,2,2,2
2746,1,4,4,4,2,4,4
2747,3,3,3,3,3,3,3
2748,2,0,0,2,0,2,2
2749,5,5,5,5,5,5,5
2750,4,4,4,5,4,4,4
2751,2,2,3,3,2,2,2
2752,0,0,3,0,0,8,3
2753,9,9,9,9,9,9,9
2754,1,1,1,1,1,1,1
2755,4,4,5,4,4,4,4
2756,8,8,8,8,8,8,8
2757,2,2,2,2,2,2,2
2758,7,7,7,7,7,7,7
2759,4,4,4,4,4,4,4
2760,7,7,7,7,7,7,7
2761,8,8,8,8,8,8,8
2762,2,2,2,2,2,2,2
2763,8,8,8,8,8,8,8
2764,7,7,7,7,7,7,7
2765,2,2,2,2,2,2,2
2766,9,9,9,9,9,9,9
2767,8,8,8,8,8,8,8
2768,0,0,0,0,2,0,0
2769,0,0,0,2,4,2,2
2770,5,5,5,5,5,1,5
2771,8,8,8,8,8,8,8
2772,0,2,2,2,2,0,2
2773,8,8,8,8,8,8,8
2774,0,0,0,0,0,0,3
2775,3,3,3,3,3,3,3
2776,9,9,8,9,9,9,9
2777,8,5,0,1,4,2,0
2778,2,7,7,7,7,7,7
2779,3,3,3,3,3,3,3
2780,8,8,8,8,8,8,8
2781,8,8,8,8,8,8,8
2782,9,9,9,9,9,9,9
2783,9,9,9,9,9,9,9
2784,2,2,2,2,2,2,2
2785,4,0,0,0,4,0,0
2786,0,2,2,2,2,2,0
2787,8,8,8,8,8,8,8
2788,9,9,9,9,9,9,9
2789,2,0,2,2,2,2,2
2790,3,9,9,2,4,9,9
2791,2,2,2,2,2,2,4
2792,9,9,9,9,9,9,9
2793,2,8,8,8,8,8,8
2794,10,10,10,10,10,10,10
2795,3,3,3,3,3,3,3
2796,9,9,9,9,9,9,9
2797,1,2,1,1,1,1,1
2798,3,0,0,0,0,0,0
2799,2,2,5,2,5,2,2
2800,9,9,9,9,9,9,9
2801,5,5,5,5,5,5,5
2802,5,5,5,5,5,5,5
2803,3,3,3,3,3,3,3
2804,8,8,8,8,8,8,8
2805,5,4,3,3,3,3,3
2806,8,8,8,8,8,8,8
2807,4,4,4,5,4,5,4
2808,2,0,6,7,2,7,7
2809,2,2,2,2,2,2,2
2810,10,10,10,10,10,10,10
2811,10,10,10,10,10,10,10
2812,3,1,3,1,3,2,3
2813,5,5,5,5,5,5,5
2814,9,9,9,9,9,9,9
2815,2,2,2,2,2,2,2
2816,0,0,0,0,0,0,0
2817,3,3,3,3,3,3,3
2818,4,4,4,4,4,4,4
2819,3,3,3,3,3,3,3
2820,7,7,7,7,7,7,7
2821,5,5,5,5,4,5,0
2822,4,4,4,4,4,4,4
2823,2,2,2,2,2,2,2
2824,0,9,9,9,9,9,9
2825,8,8,8,8,8,8,8
2826,2,9,2,2,9,9,9
2827,4,4,4,4,4,2,4
2828,0,0,0,0,0,0,0
2829,2,2,2,2,3,2,2
2830,9,9,9,9,9,9,9
2831,2,0,2,2,2,2,0
2832,9,9,9,9,9,9,9
2833,2,2,8,9,8,8,8
2834,3,3,3,3,3,3,3
2835,10,10,0,7,10,10,0
2836,2,2,2,2,2,2,2
2837,5,5,5,5,5,5,5
2838,9,9,9,9,9,9,9
2839,0,0,3,3,4,0,0
2840,8,8,8,8,8,0,8
2841,1,1,2,1,1,1,2
2842,2,8,8,8,8,8,8
2843,9,9,9,9,9,9,9
2844,4,4,4,4,4,5,4
2845,9,9,9,9,9,9,9
2846,6,6,6,6,6,6,6
2847,3,3,3,3,3,3,3
2848,4,4,4,4,4,4,4
2849,2,5,5,2,5,2,5
2850,2,2,2,9,7,2,2
2851,2,4,2,4,4,2,2
2852,9,9,9,9,9,9,9
2853,6,6,6,6,6,6,6
2854,9,9,9,9,6,9,9
2855,0,8,0,0,0,0,0
2856,0,0,0,0,0,0,0
2857,9,9,9,9,9,9,9
2858,8,8,8,8,8,8,8
2859,1,1,1,1,1,1,1
2860,8,8,8,8,8,8,8
2861,5,5,5,5,3,5,5
2862,2,2,2,2,2,2,2
2863,0,0,0,0,0,0,0
2864,2,2,2,5,2,2,2
2865,8,8,8,8,8,8,8
2866,6,6,6,6,6,6,6
2867,5,5,4,3,3,5,4
2868,9,9,9,9,9,9,9
2869,10,10,10,10,10,10,10
2870,10,10,10,10,10,10,10
2871,4,8,8,5,8,5,5
2872,8,9,9,9,8,9,9
2873,1,5,5,5,2,5,5
2874,2,2,2,2,2,2,2
2875,4,4,4,4,4,4,4
2876,0,0,0,0,3,0,0
2877,5,5,5,5,5,5,5
2878,10,10,10,10,10,10,10
2879,9,9,9,9,9,9,9
2880,9,9,9,9,9,9,9
2881,9,9,9,9,9,9,9
2882,9,9,9,9,9,9,9
2883,5,5,5,5,5,5,5
2884,4,4,0,0,0,0,0
2885,3,3,3,3,3,3,0
2886,8,8,8,8,8,8,8
2887,8,8,8,8,8,8,8
2888,10,10,10,10,10,10,10
2889,8,8,2,8,2,2,8
2890,9,9,9,9,9,9,9
2891,1,1,2,1,1,1,2
2892,9,9,9,9,9,9,9
2893,0,4,4,4,4,4,4
2894,8,8,8,8,8,8,8
2895,5,5,5,5,5,5,5
2896,8,8,8,8,8,8,8
2897,2,2,2,2,2,2,2
2898,9,9,9,9,9,9,9
2899,8,4,8,8,4,4,4
2900,10,10,10,10,10,10,10
2901,2,2,2,2,2,2,2
2902,6,6,6,6,6,6,6
2903,8,8,8,8,8,8,8
2904,10,10,2,2,2,2,2
2905,2,5,5,2,3,2,3
2906,0,0,0,0,2,2,0
2907,0,0,8,0,1,1,0
2908,9,8,8,8,4,0,9
2909,5,5,5,5,5,5,5
2910,2,1,1,1,1,1,2
2911,4,4,4,4,4,4,4
2912,1,5,1,4,5,1,4
2913,9,9,9,9,9,9,9
2914,8,9,8,2,1,2,4
2915,5,5,5,5,5,5,5
2916,3,3,0,0,0,0,0
2917,5,5,5,5,5,5,5
2918,8,8,8,8,8,8,8
2919,0,0,3,3,3,10,3
2920,2,2,2,2,2,2,2
2921,8,8,8,8,8,8,8
2922,9,9,9,9,9,9,9
2923,2,0,0,3,3,0,0
2924,10,10,10,10,10,10,10
2925,3,2,3,0,3,2,3
2926,5,5,5,5,2,5,0
2927,9,9,9,9,9,9,9
2928,3,0,3,0,3,0,0
2929,2,2,2,2,2,2,2
2930,6,6,6,6,6,6,6
2931,1,1,1,1,1,1,1
2932,8,8,8,8,8,8,8
2933,9,9,9,9,9,9,9
2934,6,3,3,3,3,3,6
2935,9,9,9,9,9,9,9
2936,4,4,4,4,4,4,4
2937,8,8,9,8,9,9,9
2938,9,9,9,9,9,9,9
2939,8,8,8,8,8,2,8
2940,8,8,8,8,8,8,8
2941,7,7,7,7,7,7,7
2942,2,2,2,2,2,2,2
2943,8,8,8,8,8,8,8
2944,9,9,9,9,9,9,9
2945,3,3,3,3,3,3,3
2946,4,4,4,4,4,4,4
2947,10,10,10,10,10,10,10
2948,3,3,3,3,3,3,3
2949,3,3,3,3,3,3,3
2950,1,2,2,2,2,2,9
2951,0,0,0,0,0,0,0
2952,0,0,0,0,0,0,0
2953,10,10,10,10,10,10,10
2954,0,4,4,4,10,4,4
2955,8,8,8,8,8,8,8
2956,9,9,9,9,9,9,9
2957,9,9,9,9,9,9,9
2958,2,2,2,2,2,2,2
2959,0,0,0,0,0,0,0
2960,5,5,5,0,5,5,0
2961,4,4,5,4,4,4,4
2962,4,4,4,4,4,4,4
2963,9,9,9,9,9,9,9
2964,3,3,3,3,3,3,3
2965,5,5,5,5,5,5,5
2966,6,6,6,6,6,6,6
2967,10,10,10,10,10,10,10
2968,5,5,5,5,5,5,8
2969,0,0,0,0,0,9,0
2970,9,9,9,9,9,9,9
2971,8,8,8,8,8,8,8
2972,3,3,3,3,3,3,3
2973,2,2,2,2,2,2,2
2974,9,3,9,9,9,9,9
2975,10,10,10,10,10,10,10
2976,0,5,5,5,4,2,4
2977,1,2,2,2,4,1,3
2978,9,9,9,9,9,9,9
2979,9,9,9,9,9,9,9
2980,3,5,3,3,3,0,3
2981,5,5,5,5,4,2,5
2982,0,2,2,2,2,2,2
2983,10,10,10,10,10,10,10
2984,9,9,9,9,9,9,9
2985,5,5,5,5,5,5,5
2986,9,9,9,9,6,9,9
2987,3,3,0,3,0,0,3
2988,10,10,10,10,10,10,10
2989,9,9,9,9,9,9,9
2990,2,2,2,2,2,2,2
2991,4,4,4,4,4,4,4
2992,0,0,2,2,0,2,2
2993,3,3,3,3,3,3,3
2994,2,2,2,2,2,1,2
2995,2,2,2,0,2,2,0
2996,2,2,4,10,4,10,10
2997,8,8,8,8,8,8,8
2998,0,0,0,0,0,0,0
2999,3,3,3,3,3,3,3
3000,6,6,6,6,6,6,6
3001,5,5,5,5,5,5,5
3002,7,7,7,7,7,7,7
3003,5,5,2,5,5,5,5
3004,8,3,2,3,2,2,2
3005,9,9,9,9,9,9,9
3006,8,4,4,4,4,4,4
3007,2,2,2,4,2,2,9
3008,9,9,9,9,9,9,9
3009,3,9,3,9,8,9,9
3010,9,9,9,9,9,9,9
3011,2,2,2,2,2,2,2
3012,9,9,9,9,9,9,9
3013,1,1,1,1,1,1,1
3014,5,5,5,5,5,5,5
3015,9,9,9,9,9,9,9
3016,3,0,3,0,0,3,3
3017,8,8,8,8,8,8,8
3018,5,5,5,5,5,5,5
3019,5,5,5,5,5,5,5
3020,4,4,5,4,3,5,4
3021,2,8,0,2,5,2,10
3022,0,2,0,0,0,0,0
3023,9,9,9,9,9,9,9
3024,2,2,2,2,2,2,2
3025,9,9,9,9,9,9,9
3026,4,4,4,4,4,4,4
3027,9,9,9,9,9,9,9
3028,0,0,0,0,0,0,0
3029,0,0,0,0,0,0,0
3030,2,4,4,2,3,4,2
3031,6,6,6,6,6,6,6
3032,3,3,3,8,3,8,3
3033,2,2,2,2,2,2,2
3034,7,7,7,7,7,7,7
3035,8,2,2,2,2,2,2
3036,8,8,8,8,8,8,8
3037,5,5,5,5,5,5,5
3038,2,1,0,3,4,1,4
3039,2,5,5,5,0,5,5
3040,2,2,2,2,2,2,2
3041,5,4,4,4,4,4,4
3042,10,10,10,10,10,10,10
3043,7,7,7,7,7,7,7
3044,9,9,9,9,9,9,9
3045,8,8,5,8,8,5,8
3046,2,2,2,2,2,2,2
3047,10,10,0,5,4,10,8
3048,2,2,2,2,2,2,2
3049,3,3,3,3,3,3,3
3050,1,2,2,1,1,1,1
3051,3,3,3,3,3,3,3
3052,5,5,5,5,5,5,5
3053,2,2,2,2,2,2,2
3054,10,10,10,10,10,10,10
3055,9,9,9,9,9,9,9
3056,2,5,5,5,5,5,5
3057,6,6,6,6,6,6,6
3058,0,0,0,0,0,0,0
3059,5,5,5,5,3,5,5
3060,8,8,8,8,8,8,8
3061,8,8,8,8,8,8,8
3062,3,3,3,3,3,3,3
3063,2,8,8,8,8,8,8
3064,5,5,5,5,5,5,5
3065,5,5,5,5,5,5,5
3066,6,6,6,6,6,6,6
3067,6,6,6,6,6,6,6
3068,10,10,10,10,10,10,10
3069,9,9,9,9,9,9,9
3070,9,9,9,9,9,9,9
3071,6,6,6,6,6,6,6
3072,9,9,9,9,9,9,9
3073,1,1,1,1,1,1,1
3074,3,3,3,3,3,3,3
3075,4,4,4,4,4,4,4
3076,10,10,8,10,8,8,8
3077,5,2,5,5,5,0,5
3078,9,9,9,9,9,9,9
3079,1,1,1,1,1,1,1
3080,6,6,6,6,6,6,6
3081,1,1,1,1,1,1,1
3082,9,9,9,9,9,9,9
3083,4,4,4,4,4,4,4
3084,8,8,8,8,8,8,8
3085,1,1,1,1,4,1,1
3086,3,8,3,3,3,0,3
3087,8,8,8,8,8,8,8
3088,2,2,2,2,2,2,2
3089,4,4,5,4,4,5,5
3090,4,4,4,4,4,4,4
3091,3,3,3,3,3,2,3
3092,8,8,8,8,8,8,10
3093,0,3,0,3,3,3,3
3094,9,3,9,9,0,0,0
3095,4,4,4,4,4,4,4
3096,6,6,6,6,6,6,6
3097,4,4,4,4,4,4,4
3098,8,8,8,8,8,8,8
3099,0,0,2,2,2,2,2
3100,4,4,0,4,4,4,0
3101,2,2,2,2,2,2,2
3102,9,9,9,9,9,9,9
3103,0,4,4,4,4,4,4
3104,9,9,9,9,9,9,9
3105,1,2,2,2,2,2,1
3106,9,9,9,9,9,9,9
3107,9,9,9,9,9,9,9
3108,2,5,2,2,2,2,9
3109,10,10,10,10,10,10,10
3110,3,3,3,3,3,3,3
3111,8,8,8,8,8,8,8
3112,8,8,8,8,8,2,4
3113,8,1,9,1,5,5,0
3114,10,10,10,10,10,10,10
3115,4,4,4,4,4,4,4
3116,5,5,5,5,5,5,5
3117,3,3,3,3,3,5,3
3118,1,2,8,2,8,8,8
3119,3,0,5,5,1,1,0
3120,0,5,0,0,3,0,0
3121,0,0,0,0,0,0,0
3122,2,10,2,2,2,2,2
3123,0,0,0,0,0,0,0
3124,0,0,2,2,3,2,2
3125,2,2,2,2,2,2,2
3126,4,4,4,4,4,4,4
3127,3,3,0,3,3,3,2
3128,3,3,3,3,3,3,3
3129,4,4,4,4,4,4,4
3130,5,5,5,5,5,5,5
3131,10,10,10,10,3,10,10
3132,0,8,8,8,2,2,2
3133,9,9,9,9,9,9,9
3134,2,2,2,2,2,2,8
3135,9,9,9,9,9,9,9
3136,9,9,9,9,9,9,9
3137,2,2,2,2,2,2,2
3138,2,2,2,2,2,2,2
3139,6,6,6,6,6,6,6
3140,3,3,3,3,3,3,3
3141,2,1,2,2,2,2,2
3142,9,9,9,9,9,9,9
3143,3,3,3,3,3,3,3
3144,5,5,3,3,3,7,10
3145,5,5,5,5,5,5,5
3146,10,10,10,10,10,10,10
3147,9,9,9,9,9,9,9
3148,3,3,3,3,3,3,3
3149,0,4,2,0,4,0,0
3150,8,8,8,8,8,8,8
3151,2,2,2,5,2,2,2
3152,9,9,9,9,9,9,9
3153,2,2,2,2,2,2,2
3154,10,10,5,5,3,5,5
3155,8,8,8,8,8,8,8
3156,5,5,5,5,5,5,5
3157,9,2,2,2,9,9,9
3158,10,10,10,10,10,10,10
3159,2,2,2,3,5,5,0
3160,2,2,2,2,2,2,2
3161,9,9,9,9,9,9,9
3162,8,8,8,8,8,8,8
3163,8,8,8,8,8,8,8
3164,9,9,9,9,9,9,9
3165,4,4,4,4,4,4,4
3166,4,0,3,0,4,3,0
3167,3,3,3,3,3,3,3
3168,10,10,5,5,5,10,10
3169,4,2,9,9,9,9,9
3170,6,10,6,7,4,6,0
3171,9,9,9,9,9,9,9
3172,2,2,2,2,2,2,2
3173,0,0,0,0,0,0,0
3174,8,8,8,8,8,8,8
3175,5,5,5,5,5,5,5
3176,3,4,3,0,0,3,0
3177,10,2,10,10,10,10,10
3178,8,8,8,8,8,8,8
3179,0,4,8,4,4,4,4
3180,3,3,3,3,3,3,3
3181,4,4,4,4,4,4,4
3182,10,10,10,10,10,10,10
3183,3,3,3,3,3,3,3
3184,8,8,8,8,8,8,8
3185,8,8,8,8,8,8,8
3186,6,6,6,10,10,6,6
3187,0,0,2,3,8,0,0
3188,5,5,5,5,8,5,4
3189,4,4,0,4,4,4,4
3190,4,4,4,4,4,4,4
3191,6,6,6,6,6,6,6
3192,2,0,2,0,2,1,0
3193,3,3,3,3,3,3,3
3194,1,1,1,2,1,1,1
3195,2,2,2,2,2,2,2
3196,6,3,3,3,6,3,3
3197,5,5,5,5,8,5,4
3198,2,3,6,3,3,3,3
3199,0,0,4,4,4,4,4
3200,9,9,9,9,7,9,9
3201,9,9,9,9,9,9,9
3202,9,9,9,9,2,2,9
3203,5,5,5,5,5,5,5
3204,5,5,5,5,5,5,5
3205,2,2,2,2,2,2,2
3206,6,6,6,6,6,6,6
3207,0,0,0,0,0,0,0
3208,2,8,8,8,8,1,8
3209,5,3,3,3,3,0,9
3210,4,4,4,4,4,4,4
3211,9,4,4,9,2,9,9
3212,0,0,0,0,0,0,0
3213,6,6,6,6,6,6,6
3214,2,2,2,1,1,1,2
3215,9,9,9,9,9,9,9
3216,0,0,0,0,0,0,0
3217,8,8,8,10,8,8,8
3218,4,4,4,4,4,4,4
3219,4,4,4,4,4,4,4
3220,3,0,0,0,0,0,0
3221,1,10,10,1,1,1,1
3222,10,10,2,2,2,2,3
3223,10,10,10,10,10,10,10
3224,0,0,0,4,0,0,0
3225,2,1,2,2,2,1,0
3226,5,5,5,5,5,5,5
3227,8,8,8,8,8,8,8
3228,0,5,0,0,0,0,0
3229,9,9,9,9,9,9,9
3230,9,8,2,2,2,2,2
3231,9,9,9,9,9,9,9
3232,0,0,3,3,4,0,0
3233,8,8,8,8,8,8,8
3234,5,5,5,8,5,5,0
3235,8,8,8,8,8,8,8
3236,10,10,3,3,4,10,10
3237,5,5,5,5,5,5,5
3238,4,4,4,4,4,4,4
3239,8,8,8,8,8,8,8
3240,2,2,5,2,2,2,2
3241,0,0,5,5,5,5,5
3242,0,9,0,0,0,0,0
3243,2,0,2,6,3,9,0
3244,7,7,7,7,7,7,7
3245,1,1,9,9,9,9,9
3246,0,0,0,0,0,0,0
3247,8,8,9,9,9,2,8
3248,9,4,9,9,9,9,9
3249,10,10,10,10,10,10,10
3250,8,8,8,8,8,8,8
3251,3,3,3,3,3,3,3
3252,4,4,4,4,4,4,4
3253,2,2,2,5,2,2,2
3254,8,8,8,8,8,8,8
3255,1,1,1,1,1,1,3
3256,1,1,1,1,1,1,1
3257,5,5,5,5,5,5,5
3258,0,0,3,0,3,0,0
3259,10,10,10,10,8,10,10
3260,2,2,2,2,2,2,4
3261,0,4,0,0,4,3,0
3262,9,9,9,9,9,9,9
3263,5,5,5,5,5,5,5
3264,3,3,3,3,3,3,3
3265,5,5,5,5,5,2,5
3266,4,4,4,4,4,4,4
3267,5,5,5,5,5,5,5
3268,2,2,2,7,2,2,2
3269,9,9,9,9,9,9,9
3270,9,9,9,9,9,9,9
3271,5,5,5,5,5,5,5
3272,2,3,2,0,3,3,3
3273,9,9,9,9,9,9,9
3274,9,9,9,9,9,9,9
3275,2,2,2,2,2,2,2
3276,5,5,5,5,5,5,5
3277,2,2,0,2,1,2,2
3278,3,3,3,8,3,3,3
3279,5,5,5,5,5,5,5
3280,0,0,0,0,0,0,0
3281,1,2,1,1,1,2,1
3282,0,0,3,0,6,0,0
3283,2,2,4,2,2,2,2
3284,2,2,2,2,4,2,2
3285,9,9,9,9,9,9,9
3286,5,5,5,5,5,5,5
3287,0,8,8,4,3,4,0
3288,9,9,9,9,9,9,9
3289,0,0,0,0,3,0,0
3290,2,0,1,2,1,1,1
3291,1,1,1,1,1,1,1
3292,9,9,9,9,9,9,9
3293,0,0,0,0,2,0,0
3294,9,9,9,1,9,9,9
3295,4,4,4,4,4,4,4
3296,9,2,9,2,2,9,9
3297,10,10,10,10,2,10,10
3298,9,9,9,9,9,9,9
3299,6,6,6,8,6,6,8
3300,5,5,2,5,2,2,8
3301,0,0,0,0,0,0,0
3302,2,2,2,2,2,2,2
3303,2,5,2,2,5,2,5
3304,2,4,5,2,2,2,4
3305,5,5,5,5,5,5,5
3306,9,9,9,9,9,9,9
3307,1,8,2,8,2,8,8
3308,9,9,9,9,9,9,9
3309,8,6,6,9,6,6,6
3310,9,9,9,9,9,9,9
3311,5,5,5,5,5,5,5
3312,5,0,0,0,0,0,0
3313,3,2,3,0,3,2,3
3314,1,9,9,9,1,1,9
3315,5,2,5,2,2,2,2
3316,9,6,3,3,6,3,9
3317,0,0,0,0,0,0,0
3318,2,2,1,1,2,1,2
3319,10,10,10,10,10,10,10
3320,6,6,6,6,6,6,6
3321,2,9,2,9,2,2,2
3322,5,2,2,2,2,2,0
3323,0,0,0,0,0,0,0
3324,3,3,3,3,3,3,3
3325,2,2,2,2,2,2,2
3326,3,0,0,0,3,3,3
3327,2,2,8,2,1,2,2
3328,4,4,5,5,4,5,5
3329,6,6,6,6,6,6,6
3330,2,2,5,2,2,2,2
3331,8,8,8,8,8,8,8
3332,9,9,9,9,9,9,9
3333,9,9,9,9,9,9,9
3334,10,10,10,10,10,10,10
3335,6,6,6,6,6,6,6
3336,2,2,2,2,2,2,2
3337,4,4,4,4,4,4,4
3338,0,0,0,0,0,0,0
3339,3,3,3,3,3,3,3
3340,9,9,9,9,9,9,9
3341,3,3,3,3,3,3,3
3342,4,4,4,4,4,4,4
3343,5,5,5,5,5,10,5
3344,10,10,10,10,10,10,10
3345,0,0,0,0,0,0,0
3346,1,2,9,9,2,2,2
3347,4,4,4,4,4,4,4
